event_family_final,report_number,candidate_seq,claimed_contact_date,earliest_provable_public_date,public_date_basis,provenance_score,public_date_status,public_date_reason,match_status,final_status,event_start_date,publication_lag_days_vs_event,publication_lag_days_vs_primary_source,publication_conflict_gap_bucket,observed_event_before_publication,current_public_evidence_kind,current_public_source_tier,current_public_source_bucket,current_public_source_label,current_public_source_url,best_available_source_tier,best_available_source_bucket,best_available_source_label,best_available_source_url,earliest_primary_source_date,earliest_mirror_source_date,earliest_secondary_source_date,event_title,claim_normalized
aviation_space,459,7,2008-02-03,2020-06-22,manual_source_link,2,event_precedes_publication,The currently recorded provable public date is later than the observed event date.,exact_hit,included_in_statistics,2008-02-20,-4506,-5357,deep_archive_gap,True,manual_source_link,mirror_translation_page,mirror,Future Of Mankind Contact Report 459 English translation page,https://www.futureofmankind.co.uk/Billy_Meier/Contact_Report_459,official_figu_original,primary_official,FIGU shop product page for Plejadisch-plejarische Kontaktberichte Block 11,https://shop.figu.org/produkt/plejadisch-plejarische-kontaktberichte-block-11/,2022-10-21,2020-06-22,,USA-193 satellite intercept,"At about the same time, for the first time on the Earth, a defective US spy satellite, which is threatening to fall to Earth and has a very toxic fuel content, is shot down and exploded by a US Navy rocket at a very high altitude."
earthquake,136,54,1980-10-14,2007-08-10,wiki_first_revision,2,event_precedes_publication,The currently recorded provable public date is later than the observed event date.,near_hit,included_in_statistics,1981-01-23,-9695,-15246,deep_archive_gap,True,wiki_first_revision,mirror_revision_timestamp,mirror,Future Of Mankind Contact Report 136 first page revision,https://www.futureofmankind.co.uk/Billy_Meier/Contact_Report_136,official_figu_original,primary_official,FIGU shop product page for Plejadisch-plejarische Kontaktberichte Block 04,https://shop.figu.org/produkt/plejadisch-plejarische-kontaktberichte-block-4/,2022-10-21,2007-08-10,,"M 6.8 - 131 km NW of Kangding, China","namely on the 24th of January 1981, China will also be afflicted by another major earthquake in the territory of the province of Sichuan."
earthquake,136,88,1980-10-14,2007-08-10,wiki_first_revision,2,event_precedes_publication,The currently recorded provable public date is later than the observed event date.,exact_hit,included_in_statistics,1981-02-24,-9663,-15214,deep_archive_gap,True,wiki_first_revision,mirror_revision_timestamp,mirror,Future Of Mankind Contact Report 136 first page revision,https://www.futureofmankind.co.uk/Billy_Meier/Contact_Report_136,official_figu_original,primary_official,FIGU shop product page for Plejadisch-plejarische Kontaktberichte Block 04,https://shop.figu.org/produkt/plejadisch-plejarische-kontaktberichte-block-4/,2022-10-21,2007-08-10,,"M 6.7 - 5 km SW of Domvraína, Greece",The first major quake of magnitude 6.6 on the Richter scale on the 24th of February had been measured 70 kilometres west of Athens.
earthquake,136,89,1980-10-14,2007-08-10,wiki_first_revision,2,event_precedes_publication,The currently recorded provable public date is later than the observed event date.,exact_hit,included_in_statistics,1981-02-24,-9663,-15214,deep_archive_gap,True,wiki_first_revision,mirror_revision_timestamp,mirror,Future Of Mankind Contact Report 136 first page revision,https://www.futureofmankind.co.uk/Billy_Meier/Contact_Report_136,official_figu_original,primary_official,FIGU shop product page for Plejadisch-plejarische Kontaktberichte Block 04,https://shop.figu.org/produkt/plejadisch-plejarische-kontaktberichte-block-4/,2022-10-21,2007-08-10,,"M 6.7 - 5 km SW of Domvraína, Greece","On the 24th of February, a severe quake had caused devastating damage in Greece and claimed several lives."
earthquake,136,176,1980-10-14,2007-08-10,wiki_first_revision,2,event_precedes_publication,The currently recorded provable public date is later than the observed event date.,exact_hit,included_in_statistics,1981-07-28,-9509,-15060,deep_archive_gap,True,wiki_first_revision,mirror_revision_timestamp,mirror,Future Of Mankind Contact Report 136 first page revision,https://www.futureofmankind.co.uk/Billy_Meier/Contact_Report_136,official_figu_original,primary_official,FIGU shop product page for Plejadisch-plejarische Kontaktberichte Block 04,https://shop.figu.org/produkt/plejadisch-plejarische-kontaktberichte-block-4/,2022-10-21,2007-08-10,,"M 7.1 - 75 km ESE of Kerman, Iran","Only a month later, on the 28th of July, Iran will once again be shaken by a major quake, again in the region of Kerman, but this time, it will demand 7,200 deaths, while several cities."
earthquake,150,76,1981-10-10,2009-10-13,wiki_first_revision,2,public_date_ok,The current provable public date does not postdate the observed event date.,miss,included_in_statistics,,,,,False,wiki_first_revision,mirror_revision_timestamp,mirror,Future Of Mankind Contact Report 150 first page revision,https://www.futureofmankind.co.uk/Billy_Meier/Contact_Report_150,official_figu_original,primary_official,FIGU shop product page for Plejadisch-plejarische Kontaktberichte Block 04,https://shop.figu.org/produkt/plejadisch-plejarische-kontaktberichte-block-4/,2022-10-21,2009-10-13,,,"Approximately on the 15th of August 1982, southern Italy will again be struck by an earthquake, for this part of Italy will not rest for some time."
earthquake,238,17,1991-05-18,2007-08-08,wiki_first_revision,2,event_precedes_publication,The currently recorded provable public date is later than the observed event date.,exact_hit,included_in_statistics,1991-06-15,-5898,-11451,deep_archive_gap,True,wiki_first_revision,mirror_revision_timestamp,mirror,Future Of Mankind Contact Report 238 first page revision,https://www.futureofmankind.co.uk/Billy_Meier/Contact_Report_238,official_figu_original,primary_official,FIGU shop product page for Plejadisch-plejarische Kontaktberichte Block 06,https://shop.figu.org/produkt/plejadisch-plejarische-kontaktberichte-block-6/,2022-10-21,2007-08-08,,"M 6.3 - 9 km NE of Java, Georgia",A major earthquake will soon occur again in Georgia.
earthquake,238,196,1991-05-18,2007-08-08,wiki_first_revision,2,event_precedes_publication,The currently recorded provable public date is later than the observed event date.,near_hit,included_in_statistics,1992-02-01,-5667,-11220,deep_archive_gap,True,wiki_first_revision,mirror_revision_timestamp,mirror,Future Of Mankind Contact Report 238 first page revision,https://www.futureofmankind.co.uk/Billy_Meier/Contact_Report_238,official_figu_original,primary_official,FIGU shop product page for Plejadisch-plejarische Kontaktberichte Block 06,https://shop.figu.org/produkt/plejadisch-plejarische-kontaktberichte-block-6/,2022-10-21,2007-08-08,,"M 5.8 - 4 km SSE of Miura, Japan","I just want to tell you that a stronger quake on the 2nd of February 1992, will not be very significant."
earthquake,242,1,1992-04-24,2018-08-12,manual_source_link,2,public_date_ok,The current provable public date does not postdate the observed event date.,miss,included_in_statistics,,,,,False,manual_source_link,mirror_translation_page,mirror,Future Of Mankind Contact Report 242 English translation page,https://www.futureofmankind.co.uk/Billy_Meier/Contact_Report_242,official_figu_original,primary_official,FIGU shop product page for Plejadisch-plejarische Kontaktberichte Block 07,https://shop.figu.org/produkt/plejadisch-plejarische-kontaktberichte-block-7/,2022-10-21,2018-08-12,,,"With smaller quakes, however, things will be different, because already on the 8th of May another one of these will occur, which will have to be calculated at a magnitude of about 5.5, if, according to the Richter scale …."
earthquake,246,23,1993-06-19,2008-01-01,wiki_first_revision,2,event_precedes_publication,The currently recorded provable public date is later than the observed event date.,exact_hit,included_in_statistics,1993-07-12,-5286,-10693,deep_archive_gap,True,wiki_first_revision,mirror_revision_timestamp,mirror,Future Of Mankind Contact Report 246 first page revision,https://www.futureofmankind.co.uk/Billy_Meier/Contact_Report_246,official_figu_original,primary_official,FIGU shop product page for Plejadisch-plejarische Kontaktberichte Block 07,https://shop.figu.org/produkt/plejadisch-plejarische-kontaktberichte-block-7/,2022-10-21,2008-01-01,,"M 7.7 - 107 km W of Iwanai, Japan","Storm surges will also be devastating, usually triggered by earthquakes or seaquakes, as will be the case in Japan when an earthquake measuring approximately 7.6 to 7.9 on the Richter scale will shake the land and sea near Hokkaido on the 12th of July, killing some 300 human lives."
earthquake,367,5,2004-09-09,2020-02-11,manual_source_link,2,event_precedes_publication,The currently recorded provable public date is later than the observed event date.,exact_hit,included_in_statistics,2004-10-23,-5589,-6572,deep_archive_gap,True,manual_source_link,mirror_translation_page,mirror,Future Of Mankind Contact Report 367 English translation page,https://www.futureofmankind.co.uk/Billy_Meier/Contact_Report_367,official_figu_original,primary_official,FIGU shop product page for Plejadisch-plejarische Kontaktberichte Block 09,https://shop.figu.org/produkt/plejadisch-plejarische-kontaktberichte-block-9/,2022-10-21,2020-02-11,,"M 5.6 - 6 km NNW of T?kamachi, Japan","As soon as the quake is over, the next one will follow in the Nagaoka area with a magnitude of 6.0, followed by another one in November, which will be followed by others."
earthquake,369,32,2004-11-12,2020-02-12,manual_source_link,2,public_date_ok,The current provable public date does not postdate the observed event date.,miss,included_in_statistics,,,,,False,manual_source_link,mirror_translation_page,mirror,Future Of Mankind Contact Report 369 English translation page,https://www.futureofmankind.co.uk/Billy_Meier/Contact_Report_369,official_figu_original,primary_official,FIGU shop product page for Plejadisch-plejarische Kontaktberichte Block 09,https://shop.figu.org/produkt/plejadisch-plejarische-kontaktberichte-block-9/,2022-10-21,2020-02-12,,,"Unfortunately, the brute force of the two seaquakes will lead to further quakes, because every seaquake and landquake always causes further quakes worldwide as a chain reaction, especially when such large quakes occur as will be the case in the Indian Ocean on the 26th of December."
earthquake,383,2,2005-03-17,2020-02-27,manual_source_link,2,event_precedes_publication,The currently recorded provable public date is later than the observed event date.,exact_hit,included_in_statistics,2005-03-20,-5457,-6424,deep_archive_gap,True,manual_source_link,mirror_translation_page,mirror,Future Of Mankind Contact Report 383 English translation page,https://www.futureofmankind.co.uk/Billy_Meier/Contact_Report_383,official_figu_original,primary_official,FIGU shop product page for Plejadisch-plejarische Kontaktberichte Block 09,https://shop.figu.org/produkt/plejadisch-plejarische-kontaktberichte-block-9/,2022-10-21,2020-02-27,,"M 6.6 - 28 km NNW of Maebaru-ch??, Japan",Japan will be hit by a 7.0 magnitude earthquake on the 20th of March.
earthquake,383,3,2005-03-17,2020-02-27,manual_source_link,2,event_precedes_publication,The currently recorded provable public date is later than the observed event date.,exact_hit,included_in_statistics,2005-03-28,-5449,-6416,deep_archive_gap,True,manual_source_link,mirror_translation_page,mirror,Future Of Mankind Contact Report 383 English translation page,https://www.futureofmankind.co.uk/Billy_Meier/Contact_Report_383,official_figu_original,primary_official,FIGU shop product page for Plejadisch-plejarische Kontaktberichte Block 09,https://shop.figu.org/produkt/plejadisch-plejarische-kontaktberichte-block-9/,2022-10-21,2020-02-27,,"M 6.1 - 136 km SW of Sibolga, Indonesia","the Indian Ocean, off Sumatra, near the island of Nias, a new seaquake will occur on the 28th of March, with a magnitude of 8.7."
earthquake,383,26,2005-03-17,2020-02-27,manual_source_link,2,event_precedes_publication,The currently recorded provable public date is later than the observed event date.,exact_hit,included_in_statistics,2005-04-10,-5436,-6403,deep_archive_gap,True,manual_source_link,mirror_translation_page,mirror,Future Of Mankind Contact Report 383 English translation page,https://www.futureofmankind.co.uk/Billy_Meier/Contact_Report_383,official_figu_original,primary_official,FIGU shop product page for Plejadisch-plejarische Kontaktberichte Block 09,https://shop.figu.org/produkt/plejadisch-plejarische-kontaktberichte-block-9/,2022-10-21,2020-02-27,,"M 5.5 - 102 km SSW of Padang, Indonesia",On the 10th of April there is a new seaquake off Sumatra with a magnitude of 6.8.
earthquake,383,28,2005-03-17,2020-02-27,manual_source_link,2,event_precedes_publication,The currently recorded provable public date is later than the observed event date.,near_hit,included_in_statistics,2005-04-14,-5432,-6399,deep_archive_gap,True,manual_source_link,mirror_translation_page,mirror,Future Of Mankind Contact Report 383 English translation page,https://www.futureofmankind.co.uk/Billy_Meier/Contact_Report_383,official_figu_original,primary_official,FIGU shop product page for Plejadisch-plejarische Kontaktberichte Block 09,https://shop.figu.org/produkt/plejadisch-plejarische-kontaktberichte-block-9/,2022-10-21,2020-02-27,,"M 5.7 - 115 km SSW of Padang, Indonesia",Another seaquake of magnitude 6.4 follows on the 14th of April.
earthquake,383,30,2005-03-17,2020-02-27,manual_source_link,2,event_precedes_publication,The currently recorded provable public date is later than the observed event date.,near_hit,included_in_statistics,2005-04-10,-5436,-6403,deep_archive_gap,True,manual_source_link,mirror_translation_page,mirror,Future Of Mankind Contact Report 383 English translation page,https://www.futureofmankind.co.uk/Billy_Meier/Contact_Report_383,official_figu_original,primary_official,FIGU shop product page for Plejadisch-plejarische Kontaktberichte Block 09,https://shop.figu.org/produkt/plejadisch-plejarische-kontaktberichte-block-9/,2022-10-21,2020-02-27,,"M 5.9 - near the east coast of Honshu, Japan",There will also be a new earthquake in Japan on the 11th of April.
earthquake,383,31,2005-03-17,2020-02-27,manual_source_link,2,event_precedes_publication,The currently recorded provable public date is later than the observed event date.,near_hit,included_in_statistics,2005-04-08,-5438,-6405,deep_archive_gap,True,manual_source_link,mirror_translation_page,mirror,Future Of Mankind Contact Report 383 English translation page,https://www.futureofmankind.co.uk/Billy_Meier/Contact_Report_383,official_figu_original,primary_official,FIGU shop product page for Plejadisch-plejarische Kontaktberichte Block 09,https://shop.figu.org/produkt/plejadisch-plejarische-kontaktberichte-block-9/,2022-10-21,2020-02-27,,"M 6.1 - 189 km ESE of Vao, New Caledonia",a seaquake of magnitude 6.6 on the 12th of April in the Loyalty Islands.
earthquake,392,1,2005-06-25,2010-12-27,wiki_first_revision,2,event_precedes_publication,The currently recorded provable public date is later than the observed event date.,near_hit,included_in_statistics,2005-12-21,-1832,-6148,deep_archive_gap,True,wiki_first_revision,mirror_revision_timestamp,mirror,Future Of Mankind Contact Report 392 first page revision,https://www.futureofmankind.co.uk/Billy_Meier/Contact_Report_392,official_figu_original,primary_official,FIGU shop product page for Plejadisch-plejarische Kontaktberichte Block 10,https://shop.figu.org/produkt/plejadisch-plejarische-kontaktberichte-block-10/,2022-10-21,2010-12-27,,"M 6.3 - 153 km S of Tomohon, Indonesia","– On 26th December 2004, the great seaquake and tsunami catastrophe occurred in Indonesia, whereby, as you have clarified, 359,796 humans ultimately lost their lives."
earthquake,394,5,2004-07-09,2020-03-16,wiki_first_revision,2,event_precedes_publication,The currently recorded provable public date is later than the observed event date.,near_hit,included_in_statistics,2004-07-17,-5721,-6670,deep_archive_gap,True,wiki_first_revision,mirror_revision_timestamp,mirror,Future Of Mankind Contact Report 394 first page revision,https://www.futureofmankind.co.uk/Billy_Meier/Contact_Report_394,official_figu_original,primary_official,FIGU shop product page for Plejadisch-plejarische Kontaktberichte Block 10,https://shop.figu.org/produkt/plejadisch-plejarische-kontaktberichte-block-10/,2022-10-21,2020-03-16,,"M 5.6 - 40 km SSE of Kamogawa, Japan","On the 23rd of July, an earthquake measuring 6.1 on the Richter scale shook Japan's capital, Tokyo."
earthquake,395,4,2005-07-16,2020-03-17,wiki_first_revision:Future Of Mankind Contact Report 395 first page revision,1,event_precedes_publication,The currently recorded provable public date is later than the observed event date.,exact_hit,included_in_statistics,2005-07-24,-5350,,deep_archive_gap,True,wiki_first_revision,mirror_revision_timestamp,mirror,Future Of Mankind Contact Report 395 first page revision,https://www.futureofmankind.co.uk/Billy_Meier/Contact_Report_395,mirror_revision_timestamp,mirror,Future Of Mankind Contact Report 395 first page revision,https://www.futureofmankind.co.uk/Billy_Meier/Contact_Report_395,,2020-03-17,,"M 7.2 - Nicobar Islands, India region",already on 23rd/24th July there will be another seaquake of magnitude 7.2 in the area of the Nicobar Islands.
earthquake,400,7,2005-09-25,2009-08-28,wiki_first_revision,2,event_precedes_publication,The currently recorded provable public date is later than the observed event date.,exact_hit,included_in_statistics,2005-10-08,-1420,-6222,deep_archive_gap,True,wiki_first_revision,mirror_revision_timestamp,mirror,Future Of Mankind Contact Report 400 first page revision,https://www.futureofmankind.co.uk/Billy_Meier/Contact_Report_400,official_figu_original,primary_official,FIGU shop product page for Plejadisch-plejarische Kontaktberichte Block 10,https://shop.figu.org/produkt/plejadisch-plejarische-kontaktberichte-block-10/,2022-10-21,2009-08-28,,"M 7.6 - 21 km NNE of Muzaffar?b?d, Pakistan",But Pakistan will also be affected by a severe earthquake measuring 7.6 on October 8.
earthquake,400,8,2005-09-25,2009-08-28,wiki_first_revision,2,event_precedes_publication,The currently recorded provable public date is later than the observed event date.,similar_only,included_in_statistics,2005-10-09,-1419,-6221,deep_archive_gap,True,wiki_first_revision,mirror_revision_timestamp,mirror,Future Of Mankind Contact Report 400 first page revision,https://www.futureofmankind.co.uk/Billy_Meier/Contact_Report_400,official_figu_original,primary_official,FIGU shop product page for Plejadisch-plejarische Kontaktberichte Block 10,https://shop.figu.org/produkt/plejadisch-plejarische-kontaktberichte-block-10/,2022-10-21,2009-08-28,,"M 5.7 - 14 km E of Battagram, Pakistan","From this quake in the north of Pakistan, near the Pakistani Muzaffarabad, which is followed shortly after the first by another one with a magnitude of 6.6, but which is then followed by dozens of unusually extremely strong aftershocks, and again a stronger one with a magnitude of 5.6 on 13th October."
earthquake,400,19,2005-09-25,2009-08-28,wiki_first_revision,2,event_precedes_publication,The currently recorded provable public date is later than the observed event date.,similar_only,included_in_statistics,2005-12-18,-1349,-6151,deep_archive_gap,True,wiki_first_revision,mirror_revision_timestamp,mirror,Future Of Mankind Contact Report 400 first page revision,https://www.futureofmankind.co.uk/Billy_Meier/Contact_Report_400,official_figu_original,primary_official,FIGU shop product page for Plejadisch-plejarische Kontaktberichte Block 10,https://shop.figu.org/produkt/plejadisch-plejarische-kontaktberichte-block-10/,2022-10-21,2009-08-28,,"M 5.7 - 65 km NW of Sinabang, Indonesia","According to our precise investigations, the coming major earthquake in northern Pakistan, in which more than 50,000 humans lost their lives, is a direct consequence of the seaquake off Sumatra on 26th December 2004."
earthquake,401,2,2005-10-15,2020-03-26,manual_source_link,2,event_precedes_publication,The currently recorded provable public date is later than the observed event date.,exact_hit,included_in_statistics,2005-10-20,-5271,-6210,deep_archive_gap,True,manual_source_link,mirror_translation_page,mirror,Future Of Mankind Contact Report 401 English translation page,https://www.futureofmankind.co.uk/Billy_Meier/Contact_Report_401,official_figu_original,primary_official,FIGU shop product page for Plejadisch-plejarische Kontaktberichte Block 10,https://shop.figu.org/produkt/plejadisch-plejarische-kontaktberichte-block-10/,2022-10-21,2020-03-26,,"M 5.9 - 9 km WSW of Seferihisar, Turkey","another quake of magnitude 6 will follow these quakes in the night from the 20th to the 21st of October, which in turn will cause several aftershocks."
earthquake,401,4,2005-10-15,2020-03-26,manual_source_link,2,event_precedes_publication,The currently recorded provable public date is later than the observed event date.,exact_hit,included_in_statistics,2005-10-19,-5272,-6211,deep_archive_gap,True,manual_source_link,mirror_translation_page,mirror,Future Of Mankind Contact Report 401 English translation page,https://www.futureofmankind.co.uk/Billy_Meier/Contact_Report_401,official_figu_original,primary_official,FIGU shop product page for Plejadisch-plejarische Kontaktberichte Block 10,https://shop.figu.org/produkt/plejadisch-plejarische-kontaktberichte-block-10/,2022-10-21,2020-03-26,,"M 6.3 - 25 km ENE of ?arai, Japan",a seaquake of magnitude 6.5 off the coast of Ibaraki in Japan on the 19th of October.
earthquake,401,11,2005-10-15,2020-03-26,manual_source_link,2,event_precedes_publication,The currently recorded provable public date is later than the observed event date.,near_hit,included_in_statistics,2005-10-18,-5273,-6212,deep_archive_gap,True,manual_source_link,mirror_translation_page,mirror,Future Of Mankind Contact Report 401 English translation page,https://www.futureofmankind.co.uk/Billy_Meier/Contact_Report_401,official_figu_original,primary_official,FIGU shop product page for Plejadisch-plejarische Kontaktberichte Block 10,https://shop.figu.org/produkt/plejadisch-plejarische-kontaktberichte-block-10/,2022-10-21,2020-03-26,,"M 5.7 - 13 km SE of Lithakiá, Greece","Two further seaquakes will also occur in the Ionian Sea, on the 19th of October near the island of Zákynthos, with a magnitude of 6 on the Richter scale, and another one in the northwest off Greece, also in the Ionian Sea, this second seaquake having a magnitude of 4.9."
earthquake,402,2,2005-10-29,2009-08-28,wiki_first_revision,2,event_precedes_publication,The currently recorded provable public date is later than the observed event date.,near_hit,included_in_statistics,2005-11-14,-1383,-6185,deep_archive_gap,True,wiki_first_revision,mirror_revision_timestamp,mirror,Future Of Mankind Contact Report 402 first page revision,https://www.futureofmankind.co.uk/Billy_Meier/Contact_Report_402,official_figu_original,primary_official,FIGU shop product page for Plejadisch-plejarische Kontaktberichte Block 10,https://shop.figu.org/produkt/plejadisch-plejarische-kontaktberichte-block-10/,2022-10-21,2009-08-28,,"M 7.0 - 293 km ESE of Kamaishi, Japan","on the 15th of November a more severe seaquake will occur in the sea in northern Japan, with a magnitude of 7.3."
earthquake,402,3,2005-10-29,2009-08-28,wiki_first_revision,2,event_precedes_publication,The currently recorded provable public date is later than the observed event date.,near_hit,included_in_statistics,2005-11-06,-1391,-6193,deep_archive_gap,True,wiki_first_revision,mirror_revision_timestamp,mirror,Future Of Mankind Contact Report 402 first page revision,https://www.futureofmankind.co.uk/Billy_Meier/Contact_Report_402,official_figu_original,primary_official,FIGU shop product page for Plejadisch-plejarische Kontaktberichte Block 10,https://shop.figu.org/produkt/plejadisch-plejarische-kontaktberichte-block-10/,2022-10-21,2009-08-28,,"M 5.1 - 17 km ENE of Baffa, Pakistan","the north of Pakistan will be shaken again by an earthquake of magnitude 6.0 on Sunday, the 6th of November."
earthquake,402,5,2005-10-29,2009-08-28,wiki_first_revision,2,event_precedes_publication,The currently recorded provable public date is later than the observed event date.,exact_hit,included_in_statistics,2005-11-12,-1385,-6187,deep_archive_gap,True,wiki_first_revision,mirror_revision_timestamp,mirror,Future Of Mankind Contact Report 402 first page revision,https://www.futureofmankind.co.uk/Billy_Meier/Contact_Report_402,official_figu_original,primary_official,FIGU shop product page for Plejadisch-plejarische Kontaktberichte Block 10,https://shop.figu.org/produkt/plejadisch-plejarische-kontaktberichte-block-10/,2022-10-21,2009-08-28,,"M 4.4 - 2 km NNW of Brugg, Switzerland","On the evening of the 12th of November you can turn your attention to an occurence in Switzerland, because there will be an earthquake of magnitude 4.5 in the area of Mönthal and Laufenburg on the Rhine, which will not cause any significant damage, although the event will be felt in large parts of the country and also far into Germany."
earthquake,402,6,2005-10-29,2009-08-28,wiki_first_revision,2,event_precedes_publication,The currently recorded provable public date is later than the observed event date.,similar_only,included_in_statistics,2005-11-17,-1380,-6182,deep_archive_gap,True,wiki_first_revision,mirror_revision_timestamp,mirror,Future Of Mankind Contact Report 402 first page revision,https://www.futureofmankind.co.uk/Billy_Meier/Contact_Report_402,official_figu_original,primary_official,FIGU shop product page for Plejadisch-plejarische Kontaktberichte Block 10,https://shop.figu.org/produkt/plejadisch-plejarische-kontaktberichte-block-10/,2022-10-21,2009-08-28,,"M 6.8 - 68 km NNE of San Pedro de Atacama, Chile",Chile will also be shaken by a strong earthquake with a magnitude of 6.9 on the 17th/18th of November.
earthquake,402,7,2005-10-29,2009-08-28,wiki_first_revision,2,event_precedes_publication,The currently recorded provable public date is later than the observed event date.,similar_only,included_in_statistics,2005-11-19,-1378,-6180,deep_archive_gap,True,wiki_first_revision,mirror_revision_timestamp,mirror,Future Of Mankind Contact Report 402 first page revision,https://www.futureofmankind.co.uk/Billy_Meier/Contact_Report_402,official_figu_original,primary_official,FIGU shop product page for Plejadisch-plejarische Kontaktberichte Block 10,https://shop.figu.org/produkt/plejadisch-plejarische-kontaktberichte-block-10/,2022-10-21,2009-08-28,,"M 6.5 - 57 km SE of Sinabang, Indonesia","on the 19th of November there will be another seaquake near Simelue Island about 200 kilometres off Sumatra, which will have a magnitude of 6.6."
earthquake,408,5,2006-01-05,2020-04-13,wiki_first_revision:Future Of Mankind Contact Report 408 first page revision,1,event_precedes_publication,The currently recorded provable public date is later than the observed event date.,exact_hit,included_in_statistics,2006-01-08,-5209,,deep_archive_gap,True,wiki_first_revision,mirror_revision_timestamp,mirror,Future Of Mankind Contact Report 408 first page revision,https://www.futureofmankind.co.uk/Billy_Meier/Contact_Report_408,mirror_revision_timestamp,mirror,Future Of Mankind Contact Report 408 first page revision,https://www.futureofmankind.co.uk/Billy_Meier/Contact_Report_408,,2020-04-13,,"M 6.7 - 26 km NE of Kýthira, Greece","Next Sunday, the 8th of January, large parts of the Mediterranean area will be shaken by a strong seaquake that occurs at a depth of about 70 kilometres off the island of Kithira in the Peloponnesian region of Greece with a force of 6.9, shifting the land about six metres southward."
earthquake,408,7,2006-01-05,2020-04-13,wiki_first_revision:Future Of Mankind Contact Report 408 first page revision,1,event_precedes_publication,The currently recorded provable public date is later than the observed event date.,near_hit,included_in_statistics,2006-01-27,-5190,,deep_archive_gap,True,wiki_first_revision,mirror_revision_timestamp,mirror,Future Of Mankind Contact Report 408 first page revision,https://www.futureofmankind.co.uk/Billy_Meier/Contact_Report_408,mirror_revision_timestamp,mirror,Future Of Mankind Contact Report 408 first page revision,https://www.futureofmankind.co.uk/Billy_Meier/Contact_Report_408,,2020-04-13,,"M 7.6 - 196 km S of Ambon, Indonesia",An even stronger seaquake of magnitude 7.7 will occur at the end of the month in the Banda Sea in eastern Indonesia.
earthquake,427,1,2006-07-09,2008-02-03,wiki_first_revision:Future Of Mankind Contact Report 427 first page revision,1,event_precedes_publication,The currently recorded provable public date is later than the observed event date.,exact_hit,included_in_statistics,2006-07-17,-566,,large_gap,True,wiki_first_revision,mirror_revision_timestamp,mirror,Future Of Mankind Contact Report 427 first page revision,https://www.futureofmankind.co.uk/Billy_Meier/Contact_Report_427,mirror_revision_timestamp,mirror,Future Of Mankind Contact Report 427 first page revision,https://www.futureofmankind.co.uk/Billy_Meier/Contact_Report_427,,2008-02-03,,"M 7.7 - 226 km SSW of Singaparna, Indonesia","On the coming 17th of July, a severe seaquake of magnitude 7.9 will again occur in the Indian Ocean."
earthquake,436,2,2006-10-15,2020-05-11,manual_source_link,2,event_precedes_publication,The currently recorded provable public date is later than the observed event date.,near_hit,included_in_statistics,2006-10-26,-4946,-5839,deep_archive_gap,True,manual_source_link,mirror_translation_page,mirror,Future Of Mankind Contact Report 436 English translation page,https://www.futureofmankind.co.uk/Billy_Meier/Contact_Report_436,official_figu_original,primary_official,FIGU shop product page for Plejadisch-plejarische Kontaktberichte Block 11,https://shop.figu.org/produkt/plejadisch-plejarische-kontaktberichte-block-11/,2022-10-21,2020-05-11,,"M 5.8 - 40 km W of San Nicolò, Italy","Then there is a quake about 450 kilometres northeast of San Francisco with a magnitude of 5, followed by two quakes in Italy on the 24th of October with magnitudes of 4.4 and 3.7."
earthquake,436,4,2006-10-15,2020-05-11,manual_source_link,2,event_precedes_publication,The currently recorded provable public date is later than the observed event date.,exact_hit,included_in_statistics,2006-10-26,-4946,-5839,deep_archive_gap,True,manual_source_link,mirror_translation_page,mirror,Future Of Mankind Contact Report 436 English translation page,https://www.futureofmankind.co.uk/Billy_Meier/Contact_Report_436,official_figu_original,primary_official,FIGU shop product page for Plejadisch-plejarische Kontaktberichte Block 11,https://shop.figu.org/produkt/plejadisch-plejarische-kontaktberichte-block-11/,2022-10-21,2020-05-11,,"M 5.8 - 40 km W of San Nicolò, Italy","a seaquake of magnitude 5.7 will occur on the 26th of October in connection with the volcanic activity of Etna, shaking southern Italy and Sicily."
earthquake,436,5,2006-10-15,2020-05-11,manual_source_link,2,public_date_ok,The current provable public date does not postdate the observed event date.,miss,included_in_statistics,,,,,False,manual_source_link,mirror_translation_page,mirror,Future Of Mankind Contact Report 436 English translation page,https://www.futureofmankind.co.uk/Billy_Meier/Contact_Report_436,official_figu_original,primary_official,FIGU shop product page for Plejadisch-plejarische Kontaktberichte Block 11,https://shop.figu.org/produkt/plejadisch-plejarische-kontaktberichte-block-11/,2022-10-21,2020-05-11,,,"This is indeed the case because we are doing a small study on seaquakes and earthquakes, and they are related to a major seaquake of magnitude 8.1 that will occur on the 15th of November near the Kuril Islands north of Japan."
earthquake,442,3,2007-02-10,2008-02-03,wiki_first_revision,2,event_precedes_publication,The currently recorded provable public date is later than the observed event date.,exact_hit,included_in_statistics,2007-02-12,-356,-5730,large_gap,True,wiki_first_revision,mirror_revision_timestamp,mirror,Future Of Mankind Contact Report 442 first page revision,https://www.futureofmankind.co.uk/Billy_Meier/Contact_Report_442,official_figu_original,primary_official,FIGU shop product page for Plejadisch-plejarische Kontaktberichte Block 11,https://shop.figu.org/produkt/plejadisch-plejarische-kontaktberichte-block-11/,2022-10-21,2008-02-03,,"M 6.0 - 181 km SW of Sagres, Portugal","On the 12th of February, next Monday, the Iberian Peninsula will be shaken from the Atlantic Ocean by a seaquake of magnitude 6.4, the vibrations of which will be felt as far as North Africa."
earthquake,446,6,2007-03-17,2020-05-25,wiki_first_revision,2,event_precedes_publication,The currently recorded provable public date is later than the observed event date.,exact_hit,included_in_statistics,2007-03-25,-4810,-5689,deep_archive_gap,True,wiki_first_revision,mirror_revision_timestamp,mirror,Future Of Mankind Contact Report 446 first page revision,https://www.futureofmankind.co.uk/Billy_Meier/Contact_Report_446,official_figu_original,primary_official,FIGU shop product page for Plejadisch-plejarische Kontaktberichte Block 11,https://shop.figu.org/produkt/plejadisch-plejarische-kontaktberichte-block-11/,2022-10-21,2020-05-25,,"M 6.7 - 46 km NW of Nanao, Japan","As a special event it should be mentioned that on March 25th a seaquake of magnitude 6.9 will occur off the west coast of Japan not far from the city of Noto, where a tsunami movement of hardly any significance will occur."
earthquake,446,8,2007-03-17,2020-05-25,wiki_first_revision,2,event_precedes_publication,The currently recorded provable public date is later than the observed event date.,similar_only,included_in_statistics,2007-04-03,-4801,-5680,deep_archive_gap,True,wiki_first_revision,mirror_revision_timestamp,mirror,Future Of Mankind Contact Report 446 first page revision,https://www.futureofmankind.co.uk/Billy_Meier/Contact_Report_446,official_figu_original,primary_official,FIGU shop product page for Plejadisch-plejarische Kontaktberichte Block 11,https://shop.figu.org/produkt/plejadisch-plejarische-kontaktberichte-block-11/,2022-10-21,2020-05-25,,"M 6.2 - 47 km SSW of Jurm, Afghanistan","Just one day later, an earthquake measuring 6.2 on the Richter scale occurs in the Hindu Kush in Afghanistan, spreading great terror and panic but not causing much destruction."
earthquake,446,9,2007-03-17,2020-05-25,wiki_first_revision,2,event_precedes_publication,The currently recorded provable public date is later than the observed event date.,exact_hit,included_in_statistics,2007-04-13,-4791,-5670,deep_archive_gap,True,wiki_first_revision,mirror_revision_timestamp,mirror,Future Of Mankind Contact Report 446 first page revision,https://www.futureofmankind.co.uk/Billy_Meier/Contact_Report_446,official_figu_original,primary_official,FIGU shop product page for Plejadisch-plejarische Kontaktberichte Block 11,https://shop.figu.org/produkt/plejadisch-plejarische-kontaktberichte-block-11/,2022-10-21,2020-05-25,,"M 6.0 - 5 km SE of El Paraíso, Mexico","On the 13th of April, a major earthquake of magnitude 6.3 occurs in the Acapulco region of Mexico, shaking large parts of the country as far as the capital."
earthquake,453,18,2007-07-14,2011-05-08,wiki_first_revision,2,event_precedes_publication,The currently recorded provable public date is later than the observed event date.,exact_hit,included_in_statistics,2007-08-16,-1361,-5545,deep_archive_gap,True,wiki_first_revision,mirror_revision_timestamp,mirror,Future Of Mankind Contact Report 453 first page revision,https://www.futureofmankind.co.uk/Billy_Meier/Contact_Report_453,official_figu_original,primary_official,FIGU shop product page for Plejadisch-plejarische Kontaktberichte Block 11,https://shop.figu.org/produkt/plejadisch-plejarische-kontaktberichte-block-11/,2022-10-21,2011-05-08,,"M 6.0 - 46 km S of Paracas, Peru","Another severe seaquake of magnitude 8 occurs on the 16th of August off the coast of Peru, shaking mainly the cities of Pisco, Chincha, Cinete and Ica, as well as large parts of the country."
earthquake,455,6,2007-10-29,2020-06-17,wiki_first_revision,2,event_precedes_publication,The currently recorded provable public date is later than the observed event date.,exact_hit,included_in_statistics,2007-11-14,-4599,-5455,deep_archive_gap,True,wiki_first_revision,mirror_revision_timestamp,mirror,Future Of Mankind Contact Report 455 first page revision,https://www.futureofmankind.co.uk/Billy_Meier/Contact_Report_455,official_figu_original,primary_official,FIGU shop product page for Plejadisch-plejarische Kontaktberichte Block 11,https://shop.figu.org/produkt/plejadisch-plejarische-kontaktberichte-block-11/,2022-10-21,2020-06-17,,"M 5.7 - 50 km NNW of Antofagasta, Chile","Then, on the 14th of November Chile is hit by a 7.8 magnitude quake, causing considerable damage to houses and other buildings."
earthquake,465,6,2008-05-07,2020-07-06,manual_source_link,2,event_precedes_publication,The currently recorded provable public date is later than the observed event date.,exact_hit,included_in_statistics,2008-05-12,-4438,-5275,deep_archive_gap,True,manual_source_link,mirror_translation_page,mirror,Future Of Mankind Contact Report 465 English translation page,https://www.futureofmankind.co.uk/Billy_Meier/Contact_Report_465,official_figu_original,primary_official,FIGU shop product page for Plejadisch-plejarische Kontaktberichte Block 11,https://shop.figu.org/produkt/plejadisch-plejarische-kontaktberichte-block-11/,2022-10-21,2020-07-06,,"M 7.9 - 58 km W of Tianpeng, China",On the 12th of May there will be a major earthquake of magnitude 8 in the province of Sichuan in China.
earthquake,467,1,2008-06-28,2012-02-19,wiki_first_revision,2,event_precedes_publication,The currently recorded provable public date is later than the observed event date.,similar_only,included_in_statistics,2008-06-21,-1338,-5235,deep_archive_gap,True,wiki_first_revision,mirror_revision_timestamp,mirror,Future Of Mankind Contact Report 467 first page revision,https://www.futureofmankind.co.uk/Billy_Meier/Contact_Report_467,official_figu_original,primary_official,FIGU shop product page for Plejadisch-plejarische Kontaktberichte Block 11,https://shop.figu.org/produkt/plejadisch-plejarische-kontaktberichte-block-11/,2022-10-21,2012-02-19,,"M 5.6 - 82 km S of Koróni, Greece",Tomorrow there will be a seaquake of magnitude 6.3 near the Greek island of Rhodes.
earthquake,467,2,2008-06-28,2012-02-19,wiki_first_revision,2,event_precedes_publication,The currently recorded provable public date is later than the observed event date.,exact_hit,included_in_statistics,2008-08-05,-1293,-5190,deep_archive_gap,True,wiki_first_revision,mirror_revision_timestamp,mirror,Future Of Mankind Contact Report 467 first page revision,https://www.futureofmankind.co.uk/Billy_Meier/Contact_Report_467,official_figu_original,primary_official,FIGU shop product page for Plejadisch-plejarische Kontaktberichte Block 11,https://shop.figu.org/produkt/plejadisch-plejarische-kontaktberichte-block-11/,2022-10-21,2012-02-19,,"M 6.0 - 46 km NW of Guangyuan, China","will not cause much damage, as is the case with a 5.3 magnitude earthquake in China, although China will not be able to rest with quakes in the near future because new earthquakes are constantly occurring, which will also be the case in the month of August near Sichuan."
earthquake,467,3,2008-06-28,2012-02-19,wiki_first_revision,2,event_precedes_publication,The currently recorded provable public date is later than the observed event date.,exact_hit,included_in_statistics,2008-07-23,-1306,-5203,deep_archive_gap,True,wiki_first_revision,mirror_revision_timestamp,mirror,Future Of Mankind Contact Report 467 first page revision,https://www.futureofmankind.co.uk/Billy_Meier/Contact_Report_467,official_figu_original,primary_official,FIGU shop product page for Plejadisch-plejarische Kontaktberichte Block 11,https://shop.figu.org/produkt/plejadisch-plejarische-kontaktberichte-block-11/,2022-10-21,2012-02-19,,"M 6.8 - 29 km ENE of Morioka, Japan","Also for Japan in the near future, violent seaquakes, such as one of magnitude 6.4 in the northeastern sea of Japan, and on the 23rd of July, another seaquake of magnitude 6.8 occurs."
earthquake,467,4,2008-06-28,2012-02-19,wiki_first_revision,2,event_precedes_publication,The currently recorded provable public date is later than the observed event date.,near_hit,included_in_statistics,2008-08-06,-1292,-5189,deep_archive_gap,True,wiki_first_revision,mirror_revision_timestamp,mirror,Future Of Mankind Contact Report 467 first page revision,https://www.futureofmankind.co.uk/Billy_Meier/Contact_Report_467,official_figu_original,primary_official,FIGU shop product page for Plejadisch-plejarische Kontaktberichte Block 11,https://shop.figu.org/produkt/plejadisch-plejarische-kontaktberichte-block-11/,2022-10-21,2012-02-19,,"M 5.9 - 37 km NNE of Pototano, Indonesia","On the 7th of August a seaquake occurs in Indonesia, near Sambawa Island."
earthquake,519,1,2011-04-02,2020-12-09,manual_source_link,2,event_precedes_publication,The currently recorded provable public date is later than the observed event date.,exact_hit,included_in_statistics,2011-04-07,-3534,,deep_archive_gap,True,manual_source_link,mirror_translation_page,mirror,Future Of Mankind Contact Report 519 English translation page,https://www.futureofmankind.co.uk/Billy_Meier/Contact_Report_519,mirror_translation_page,mirror,Future Of Mankind Contact Report 519 English translation page,https://www.futureofmankind.co.uk/Billy_Meier/Contact_Report_519,,2020-12-09,,"M 7.1 - 29 km ESE of Ishinomaki, Japan","And according to our investigations and calculations, a massive seaquake of magnitude 7.4 will occur again in the period from the 7th/8th of April."
earthquake,519,3,2011-04-02,2020-12-09,manual_source_link,2,event_precedes_publication,The currently recorded provable public date is later than the observed event date.,near_hit,included_in_statistics,2011-04-11,-3530,,deep_archive_gap,True,manual_source_link,mirror_translation_page,mirror,Future Of Mankind Contact Report 519 English translation page,https://www.futureofmankind.co.uk/Billy_Meier/Contact_Report_519,mirror_translation_page,mirror,Future Of Mankind Contact Report 519 English translation page,https://www.futureofmankind.co.uk/Billy_Meier/Contact_Report_519,,2020-12-09,,"M 6.6 - 17 km SSW of Ishikawa, Japan","In addition to all the following minor aftershocks, another severe seaquake of 7.1 magnitude will occur on the 11th of April."
earthquake,663,15,2016-11-06,2016-11-27,wiki_first_revision,2,event_precedes_publication,The currently recorded provable public date is later than the observed event date.,exact_hit,included_in_statistics,2016-11-13,-14,-2168,small_gap,True,wiki_first_revision,mirror_revision_timestamp,mirror,Future Of Mankind Contact Report 663 first page revision,https://www.futureofmankind.co.uk/Billy_Meier/Contact_Report_663,official_figu_original,primary_official,FIGU shop product page for Plejadisch-plejarische Kontaktberichte Block 15,https://shop.figu.org/produkt/plejadisch-plejarische-kontaktberichte-block-15/,2022-10-21,2016-11-27,,"M 5.7 - 28 km SE of Blenheim, New Zealand","on the 13th of November in New Zealand, namely in the area of 'Christchurch', with a strength of over 7.7 on the Richter scale."
earthquake,683,6,2017-06-10,2021-01-02,manual_source_link,2,event_precedes_publication,The currently recorded provable public date is later than the observed event date.,exact_hit,included_in_statistics,2017-06-12,-1300,-1957,deep_archive_gap,True,manual_source_link,mirror_translation_page,mirror,Future Of Mankind Contact Report 683 English translation page,https://www.futureofmankind.co.uk/Billy_Meier/Contact_Report_683,official_figu_original,primary_official,FIGU shop product page for Plejadisch-plejarische Kontaktberichte Block 16,https://shop.figu.org/produkt/plejadisch-plejarische-kontaktberichte-block-16-2/,2022-10-21,2021-01-02,,"M 6.3 - 5 km S of Plomári, Greece","That which concerns the Aegean is correct, because at the beginning of next week there will be another stronger quake in the Aegean."
earthquake,683,14,2017-06-10,2021-01-02,manual_source_link,2,public_date_ok,The current provable public date does not postdate the observed event date.,miss,included_in_statistics,,,,,False,manual_source_link,mirror_translation_page,mirror,Future Of Mankind Contact Report 683 English translation page,https://www.futureofmankind.co.uk/Billy_Meier/Contact_Report_683,official_figu_original,primary_official,FIGU shop product page for Plejadisch-plejarische Kontaktberichte Block 16,https://shop.figu.org/produkt/plejadisch-plejarische-kontaktberichte-block-16-2/,2022-10-21,2021-01-02,,,"For Switzerland, it was the largest natural disaster to occur in historical times after the Basel earthquake of 1356, which, as I remember Sfath explaining, was to be calculated with a magnitude of 7.1 on the Richter scale and occurred on the 18th of October 1356, whereby the epicentre was near Reinach/Baselland, i.e."
earthquake,725,1,2019-10-12,2019-12-30,wiki_first_revision,2,event_precedes_publication,The currently recorded provable public date is later than the observed event date.,exact_hit,included_in_statistics,2019-11-26,-34,-1060,medium_gap,True,wiki_first_revision,mirror_revision_timestamp,mirror,Future Of Mankind Contact Report 725 first page revision,https://www.futureofmankind.co.uk/Billy_Meier/Contact_Report_725,official_figu_original,primary_official,FIGU shop product page for Plejadisch-plejarische Kontaktberichte Block 18,https://shop.figu.org/produkt/plejadisch-plejarische-kontaktberichte-block-18/,2022-10-21,2019-12-30,,"M 6.4 - 15 km WSW of Mamurras, Albania","We talked about upcoming events and I said that towards the end of next month, November, there will be a strong earthquake in Albania with many deaths, while in Yemen there will be an outbreak of dengue fever which will also cause many deaths."
epidemic,369,12,2004-11-12,2020-02-12,manual_source_link,2,event_precedes_publication,The currently recorded provable public date is later than the observed event date.,similar_only,included_in_statistics,2006-06-30,-4975,-5957,deep_archive_gap,True,manual_source_link,mirror_translation_page,mirror,Future Of Mankind Contact Report 369 English translation page,https://www.futureofmankind.co.uk/Billy_Meier/Contact_Report_369,official_figu_original,primary_official,FIGU shop product page for Plejadisch-plejarische Kontaktberichte Block 09,https://shop.figu.org/produkt/plejadisch-plejarische-kontaktberichte-block-9/,2022-10-21,2020-02-12,,WHO published epidemiology of confirmed human H5N1 cases,Next month it will also be announced that the disease has spread to humans in Japan in the same form.
epidemic,401,10,2005-10-15,2020-03-26,manual_source_link,2,event_precedes_publication,The currently recorded provable public date is later than the observed event date.,similar_only,included_in_statistics,2006-06-30,-5018,-5957,deep_archive_gap,True,manual_source_link,mirror_translation_page,mirror,Future Of Mankind Contact Report 401 English translation page,https://www.futureofmankind.co.uk/Billy_Meier/Contact_Report_401,official_figu_original,primary_official,FIGU shop product page for Plejadisch-plejarische Kontaktberichte Block 10,https://shop.figu.org/produkt/plejadisch-plejarische-kontaktberichte-block-10/,2022-10-21,2020-03-26,,WHO published epidemiology of confirmed human H5N1 cases,"But that the bird epidemic will sooner or later mutate and spread to humans and then trigger a pandemic must be assumed as probable, if the necessary and effective countermeasures are not taken now."
epidemic,441,1,2007-02-03,2008-02-03,wiki_first_revision,2,public_date_ok,The current provable public date does not postdate the observed event date.,miss,included_in_statistics,,,,,False,wiki_first_revision,mirror_revision_timestamp,mirror,Future Of Mankind Contact Report 441 first page revision,https://www.futureofmankind.co.uk/Billy_Meier/Contact_Report_441,official_figu_original,primary_official,FIGU shop product page for Plejadisch-plejarische Kontaktberichte Block 11,https://shop.figu.org/produkt/plejadisch-plejarische-kontaktberichte-block-11/,2022-10-21,2008-02-03,,,"Firstly, the bird epidemic will be back in the news again, in England, where the disease has already broken out in a turkey farm."
epidemic,453,14,2007-07-14,2011-05-08,wiki_first_revision,2,event_precedes_publication,The currently recorded provable public date is later than the observed event date.,exact_hit,included_in_statistics,2007-08-03,-1374,-5558,deep_archive_gap,True,wiki_first_revision,mirror_revision_timestamp,mirror,Future Of Mankind Contact Report 453 first page revision,https://www.futureofmankind.co.uk/Billy_Meier/Contact_Report_453,official_figu_original,primary_official,FIGU shop product page for Plejadisch-plejarische Kontaktberichte Block 11,https://shop.figu.org/produkt/plejadisch-plejarische-kontaktberichte-block-11/,2022-10-21,2011-05-08,,"Foot-and-mouth disease confirmed in Surrey, England",A new animal epidemic can be said to be out of the ordinary in Europe in the near future.
epidemic,729,12,2020-01-02,2020-03-31,wiki_first_revision,2,event_precedes_publication,The currently recorded provable public date is later than the observed event date.,exact_hit,included_in_statistics,2020-03-11,-20,-954,small_gap,True,wiki_first_revision,mirror_revision_timestamp,mirror,Future Of Mankind Contact Report 729 first page revision,https://www.futureofmankind.co.uk/Billy_Meier/Contact_Report_729,official_figu_original,primary_official,FIGU shop product page for Plejadisch-plejarische Kontaktberichte Block 18,https://shop.figu.org/produkt/plejadisch-plejarische-kontaktberichte-block-18/,2022-10-21,2020-03-31,,WHO characterized COVID-19 as a pandemic,"The stupidity, irrationality and stupidity of those responsible at the WHO, as well as of politicians, state leaders and those posing as medical experts, will lead in the next few months to the Corona epidemic, which will soon be renamed, spreading very widely and very quickly in the form of a pandemic."
epidemic,732,13,2020-03-02,2021-07-08,manual_source_link,2,event_precedes_publication,The currently recorded provable public date is later than the observed event date.,exact_hit,included_in_statistics,2020-03-06,-489,-959,large_gap,True,manual_source_link,mirror_translation_page,mirror,Future Of Mankind Contact Report 732 English translation page,https://www.futureofmankind.co.uk/Billy_Meier/Contact_Report_732,official_figu_original,primary_official,FIGU shop product page for Plejadisch-plejarische Kontaktberichte Block 18,https://shop.figu.org/produkt/plejadisch-plejarische-kontaktberichte-block-18/,2022-10-21,2021-07-08,,WHO Europe reported that Italy had the sharpest increase in COVID-19 cases in the region,"more deaths will have to be mourned, as was already the case in Wuhan in the middle of last year, when the epidemic began and caused many deaths, but which was neither recognised nor known, consequently the Corona virus pandemic is rampant in all countries of the Earth."
epidemic,757,1,2020-11-15,2020-11-22,wiki_first_revision,2,public_date_ok,The current provable public date does not postdate the observed event date.,exact_hit,included_in_statistics,2021-02-21,91,15,not_conflict,False,wiki_first_revision,mirror_revision_timestamp,mirror,Future Of Mankind Contact Report 757 first page revision,https://www.futureofmankind.co.uk/Billy_Meier/Contact_Report_757,official_figu_original,primary_official,FIGU official German PDF metadata for Contact Report 757,https://www.figu.org/files/figu_kontaktberichte/figu_kontaktbericht_757.pdf,2021-02-06,2020-11-22,,"The United States surpassed 500,000 reported COVID-19 deaths","Yes, this has been happening ever since this clumsy-tramp Trump president has been loud-mouthedly trivialising the Corona rampantly spreading disease, which will soon kill around 500,000 human beings in the USA alone as a result of his imbecility."
politics_election,113,7,1978-08-06,2010-11-14,manual_source_link,2,event_precedes_publication,The currently recorded provable public date is later than the observed event date.,exact_hit,included_in_statistics,1978-08-26,-11768,-16127,deep_archive_gap,True,manual_source_link,mirror_translation_page,mirror,Future Of Mankind Contact Report 113 English translation page,https://www.futureofmankind.co.uk/Billy_Meier/Contact_Report_113,official_figu_original,primary_official,FIGU shop product page for Plejadisch-plejarische Kontaktberichte Block 03,https://shop.figu.org/produkt/plejadisch-plejarische-kontaktberichte-block-3/,2022-10-21,2010-11-14,,Election of Pope John Paul I,"At most, you may let it be reported that the new Pope will not exercise his office very long."
politics_election,113,11,1978-08-06,2010-11-14,manual_source_link,2,event_precedes_publication,The currently recorded provable public date is later than the observed event date.,exact_hit,included_in_statistics,1978-09-28,-11735,-16094,deep_archive_gap,True,manual_source_link,mirror_translation_page,mirror,Future Of Mankind Contact Report 113 English translation page,https://www.futureofmankind.co.uk/Billy_Meier/Contact_Report_113,official_figu_original,primary_official,FIGU shop product page for Plejadisch-plejarische Kontaktberichte Block 03,https://shop.figu.org/produkt/plejadisch-plejarische-kontaktberichte-block-3/,2022-10-21,2010-11-14,,Death of Pope John Paul I,"This 33-minute consultation time will also be exactly the number of days, during which he will exercise his office as Pope, then to finish his life on the 28th of September, 1978, at exactly 23:07 hrs, without anyone being with him."
politics_election,136,16,1980-10-14,2007-08-10,wiki_first_revision,2,event_precedes_publication,The currently recorded provable public date is later than the observed event date.,exact_hit,included_in_statistics,1980-11-04,-9775,-15326,deep_archive_gap,True,wiki_first_revision,mirror_revision_timestamp,mirror,Future Of Mankind Contact Report 136 first page revision,https://www.futureofmankind.co.uk/Billy_Meier/Contact_Report_136,official_figu_original,primary_official,FIGU shop product page for Plejadisch-plejarische Kontaktberichte Block 04,https://shop.figu.org/produkt/plejadisch-plejarische-kontaktberichte-block-4/,2022-10-21,2007-08-10,,Election of Ronald Reagan as President of the United States,"For this reason, the next great man of the United States of America will be President Ronald Reagan."
politics_election,136,52,1980-10-14,2007-08-10,wiki_first_revision,2,event_precedes_publication,The currently recorded provable public date is later than the observed event date.,exact_hit,included_in_statistics,1981-01-22,-9696,-15247,deep_archive_gap,True,wiki_first_revision,mirror_revision_timestamp,mirror,Future Of Mankind Contact Report 136 first page revision,https://www.futureofmankind.co.uk/Billy_Meier/Contact_Report_136,official_figu_original,primary_official,FIGU shop product page for Plejadisch-plejarische Kontaktberichte Block 04,https://shop.figu.org/produkt/plejadisch-plejarische-kontaktberichte-block-4/,2022-10-21,2007-08-10,,Alexander Haig assumed office as U.S. Secretary of State,"Ronald Reagan, who will take office as US President in January 1981, appoints former NATO Supreme Allied Commander Alexander Haig as his Secretary of State (→ 4. ll./p."
politics_election,217,3,1987-05-08,2007-08-12,wiki_first_revision:Future Of Mankind Contact Report 217 first page revision,1,event_precedes_publication,The currently recorded provable public date is later than the observed event date.,exact_hit,included_in_statistics,2002-09-10,-1797,,deep_archive_gap,True,wiki_first_revision,mirror_revision_timestamp,mirror,Future Of Mankind Contact Report 217 first page revision,https://www.futureofmankind.co.uk/Billy_Meier/Contact_Report_217,mirror_revision_timestamp,mirror,Future Of Mankind Contact Report 217 first page revision,https://www.futureofmankind.co.uk/Billy_Meier/Contact_Report_217,,2007-08-12,,Switzerland admitted as the 190th Member State of the United Nations,"But this will not be the case with great certainty, for already shortly after the turn of the millennium, through the irrationality of many Swiss citizens, misled by those who are irresponsible, a firm entry into the UN will take place, which will count as the beginning of the prospective catastrophe, if the prophecy of Henoch should fulfil itself, which can still be averted, however, if this people takes the initiative and brings the responsible persons of the government to reason."
politics_election,436,11,2006-10-15,2020-05-11,manual_source_link,2,event_precedes_publication,The currently recorded provable public date is later than the observed event date.,exact_hit,included_in_statistics,2006-11-07,-4934,-5827,deep_archive_gap,True,manual_source_link,mirror_translation_page,mirror,Future Of Mankind Contact Report 436 English translation page,https://www.futureofmankind.co.uk/Billy_Meier/Contact_Report_436,official_figu_original,primary_official,FIGU shop product page for Plejadisch-plejarische Kontaktberichte Block 11,https://shop.figu.org/produkt/plejadisch-plejarische-kontaktberichte-block-11/,2022-10-21,2020-05-11,,Republicans lost the U.S. House majority in the 2006 elections,"There is something good to be said in passing about the USA, however, as I explained to you in a very private way at the 428th contact conversation on the 10th of July this year, namely that at the beginning of November, in the elections in the US House of Representatives, the irresponsible US President Bush, as well as his vassals and all his Republican supporters, will suffer a heavy defeat."
politics_election,448,7,2007-04-27,2011-02-01,wiki_first_revision:Future Of Mankind Contact Report 448 first page revision,1,event_precedes_publication,The currently recorded provable public date is later than the observed event date.,exact_hit,included_in_statistics,2007-05-10,-1363,,deep_archive_gap,True,wiki_first_revision,mirror_revision_timestamp,mirror,Future Of Mankind Contact Report 448 first page revision,https://www.futureofmankind.co.uk/Billy_Meier/Contact_Report_448,mirror_revision_timestamp,mirror,Future Of Mankind Contact Report 448 first page revision,https://www.futureofmankind.co.uk/Billy_Meier/Contact_Report_448,,2011-02-01,,Tony Blair announced his resignation timetable,"The English Prime Minister, Tony Blair, will announce on the 10th of May that he will leave office in June."
politics_election,459,4,2008-02-03,2020-06-22,manual_source_link,2,event_precedes_publication,The currently recorded provable public date is later than the observed event date.,exact_hit,included_in_statistics,2008-02-13,-4513,-5364,deep_archive_gap,True,manual_source_link,mirror_translation_page,mirror,Future Of Mankind Contact Report 459 English translation page,https://www.futureofmankind.co.uk/Billy_Meier/Contact_Report_459,official_figu_original,primary_official,FIGU shop product page for Plejadisch-plejarische Kontaktberichte Block 11,https://shop.figu.org/produkt/plejadisch-plejarische-kontaktberichte-block-11/,2022-10-21,2020-06-22,,Apology to Australia's Indigenous Peoples,"What will be extraordinary, however, will be revealed on the 13th of February, when the Australian Prime Minister, Kevin Rudd, will officially apologise to the Aboriginal people for the humiliating and degrading things that have been done to them over two centuries by the English immigrants and Europeans who have settled in Australia."
politics_election,459,5,2008-02-03,2020-06-22,manual_source_link,2,event_precedes_publication,The currently recorded provable public date is later than the observed event date.,exact_hit,included_in_statistics,2008-02-17,-4509,-5360,deep_archive_gap,True,manual_source_link,mirror_translation_page,mirror,Future Of Mankind Contact Report 459 English translation page,https://www.futureofmankind.co.uk/Billy_Meier/Contact_Report_459,official_figu_original,primary_official,FIGU shop product page for Plejadisch-plejarische Kontaktberichte Block 11,https://shop.figu.org/produkt/plejadisch-plejarische-kontaktberichte-block-11/,2022-10-21,2020-06-22,,Kosovo Declaration of Independence,"Then on 17 February Kosovo is declared independent, which causes unrest in Serbia and Russia as well as in other states."
politics_election,459,6,2008-02-03,2020-06-22,manual_source_link,2,event_precedes_publication,The currently recorded provable public date is later than the observed event date.,exact_hit,included_in_statistics,2008-02-19,-4507,-5358,deep_archive_gap,True,manual_source_link,mirror_translation_page,mirror,Future Of Mankind Contact Report 459 English translation page,https://www.futureofmankind.co.uk/Billy_Meier/Contact_Report_459,official_figu_original,primary_official,FIGU shop product page for Plejadisch-plejarische Kontaktberichte Block 11,https://shop.figu.org/produkt/plejadisch-plejarische-kontaktberichte-block-11/,2022-10-21,2020-06-22,,Mensaje del Comandante en Jefe,"Then two events occur that affect Cuba and the USA, as Fidel Castro officially resigns from his office of state, which he has held in a murderous manner since 1959 until the 21st of February."
politics_election,555,1,2013-03-02,2017-11-09,wiki_first_revision,2,event_precedes_publication,The currently recorded provable public date is later than the observed event date.,exact_hit,included_in_statistics,2013-03-13,-1702,-3509,deep_archive_gap,True,wiki_first_revision,mirror_revision_timestamp,mirror,Future Of Mankind Contact Report 555 first page revision,https://www.futureofmankind.co.uk/Billy_Meier/Contact_Report_555,official_figu_original,primary_official,FIGU shop product page for Plejadisch-plejarische Kontaktberichte Block 13,https://shop.figu.org/produkt/plejadisch-plejarische-kontaktberichte-block-13/,2022-10-21,2017-11-09,,Election of Pope Francis,"The Conclave will begin on the 12th of March, and already on the 13th of March a man from Argentina called Jorge Mario Bergoglio, who will call himself Francis, will be elected as the new Pope."
storm,448,6,2007-04-27,2011-02-01,wiki_first_revision:Future Of Mankind Contact Report 448 first page revision,1,event_precedes_publication,The currently recorded provable public date is later than the observed event date.,exact_hit,included_in_statistics,2007-05-04,-1369,,deep_archive_gap,True,wiki_first_revision,mirror_revision_timestamp,mirror,Future Of Mankind Contact Report 448 first page revision,https://www.futureofmankind.co.uk/Billy_Meier/Contact_Report_448,mirror_revision_timestamp,mirror,Future Of Mankind Contact Report 448 first page revision,https://www.futureofmankind.co.uk/Billy_Meier/Contact_Report_448,,2011-02-01,,Greensburg tornado devastated the town,"There is nothing extraordinary to mention for the coming days, because something special will only happen at the beginning of May, when in the USA, namely in the state of Kansas, the small town of Greenburgh will be completely destroyed by a tornado, which will also claim a small number of lives."
