prediction_id,report_number,candidate_seq,event_family_final,stage2_label,significant,claimed_contact_date,earliest_provable_public_date,public_date_basis,provenance_score,public_date_status,public_date_reason,claim_normalized,source_quote,time_window_start,time_window_end,target_name,target_type,match_status,p_exact_under_null,p_near_under_null,p_similar_under_null,p_miss_under_null,observed_probability_under_null,probability_model_version,probability_notes,probability_meta,final_status,final_reason,observed_event_before_publication,publication_lag_days_vs_event,review_rationale,review_meta,external_event_id,event_title,event_start_date,observed_location_name,observed_event_type,time_delta_days,source_name,source_url,raw_event
19546,72,1,volcano,significant_prediction,True,1977-02-03,,claimed_contact_date_only,1,no_public_date_evidence,No provable public date is recorded yet; current evaluation still depends on the claimed contact date fallback.,"Here, this is a volcano region, and the zone here around it is severely endangered in the future if the volcano again awakens to activity, which is to say, will certainly not occur very soon.","Here, this is a volcano region, and the zone here around it is severely endangered in the future if the volcano again awakens to activity, which is to say, will certainly not occur very soon",1977-02-03,1979-02-03,,none,miss,0E-12,0E-12,0E-12,1.000000000000,1.0,stage5_volcano_location_risk_window_v1,provisional volcano null from location-specific at-risk window,"{""baseline_notes"": ""Retired conditional unnamed-volcano row with no scored eruption event in scope."", ""calibration_window"": {""days"": 731, ""end"": ""1979-02-03"", ""start"": ""1977-02-03""}, ""event_count"": 0, ""lambda"": {""exact"": 0.0, ""near_only"": 0.0, ""similar_only"": 0.0}, ""model"": ""location_risk_window_single_event_v1"", ""probabilities"": {""exact"": 0.0, ""miss"": 1.0, ""near_only"": 0.0, ""similar_only"": 0.0}, ""probability_key"": ""retired_conditional_unnamed_volcano_claim"", ""rate_per_day"": 0.0, ""script_version"": ""stage5_volcano_location_risk_window_v1"", ""window_days"": {""exact"": 731, ""near_only"": 0, ""similar_only"": 0}}",permanently_unresolved,Prediction is retired from the volcano slice because it is a conditional hazard warning without a named volcano or measurable eruption trigger in the current rulebook.,,,No official catalog event matched the scoped volcano prediction.,"{""candidate_event_count"": 0, ""exact_candidate_count"": 0, ""log_candidate_count"": 0, ""near_candidate_count"": 0, ""script_version"": ""stage4_volcano_eruption_catalog_v1""}",,,,,,,,,
20009,136,97,volcano,prediction_but_not_meaningful,False,1980-10-14,2007-08-10,wiki_first_revision,2,event_precedes_publication,The currently recorded provable public date is later than the observed event date.,"However, up to the middle of the year 1981, there are still many things to explain, which will happen on Earth within a great part of the framework and which will come into play.","However, up to the middle of the year 1981, there are still many things to explain, which will happen on Earth within a great part of the framework and which will come into play",,,,none,exact_hit,0.181269246922,0.070708521916,0.653113417988,0.094908813173,0.181269246922,stage5_volcano_location_risk_window_v1,provisional volcano null from location-specific at-risk window,"{""baseline_notes"": ""Treat Etna's March 1981 renewed activity as a one-off named-volcano event over the late-winter to early-spring post-prediction window."", ""calibration_window"": {""days"": 155, ""end"": ""1981-03-17"", ""start"": ""1980-10-14""}, ""event_count"": 1, ""lambda"": {""exact"": 0.2, ""near_only"": 0.09032258064516129, ""similar_only"": 2.064516129032258}, ""model"": ""location_risk_window_single_event_v1"", ""probabilities"": {""exact"": 0.18126924692201818, ""miss"": 0.09490881317327604, ""near_only"": 0.07070852191647553, ""similar_only"": 0.6531134179882303}, ""probability_key"": ""etna_eruption_window_1981"", ""rate_per_day"": 0.0064516129032258064, ""script_version"": ""stage5_volcano_location_risk_window_v1"", ""window_days"": {""exact"": 31, ""near_only"": 14, ""similar_only"": 320}}",included_in_statistics,Prediction belongs to the scoped volcano slice and has a resolved match outcome.,True,-9642,Exact volcano event found in curated official catalog.,"{""candidate_event_count"": 4, ""exact_candidate_count"": 1, ""log_candidate_count"": 3, ""near_candidate_count"": 0, ""script_version"": ""stage4_volcano_eruption_catalog_v1""}",it-etna-1981-03-17,Etna eruption began,1981-03-17,"Sicily, Italy",volcano_eruption_began,0,Smithsonian Global Volcanism Program,https://volcano.si.edu/volcano.cfm?vn=211060,"{""actor_name"": ""Etna"", ""effective_window_end"": ""1981-03-31"", ""effective_window_start"": ""1981-03-01"", ""jurisdiction"": ""Italy"", ""official_event"": {""actor_name"": ""Etna"", ""event_id"": ""it-etna-1981-03-17"", ""event_start_date"": ""1981-03-17"", ""event_title"": ""Etna eruption began"", ""event_type"": ""volcano_eruption_began"", ""jurisdiction"": ""Italy"", ""location_name"": ""Sicily, Italy"", ""source_excerpt"": ""A summit eruption and short lava flow began on 17 March 1981."", ""source_name"": ""Smithsonian Global Volcanism Program"", ""source_url"": ""https://volcano.si.edu/volcano.cfm?vn=211060"", ""target_keywords"": [""Etna"", ""Sicily"", ""Italy""]}, ""scoped_family"": ""volcano"", ""target_keywords"": [""Etna"", ""Sicily"", ""Italy""], ""target_name"": ""Etna""}"
20010,136,98,volcano,eligible_prediction,False,1980-10-14,2007-08-10,wiki_first_revision,2,event_precedes_publication,The currently recorded provable public date is later than the observed event date.,"Even during the outflow of the harsh winter season of 1980/1981, it will happen with complete certainty that in Italy, the Etna volcano will begin its unusual activity again, which was no longer the case for several decades.","Even during the outflow of the harsh winter season of 1980/1981, it will happen with complete certainty that in Italy, the Etna volcano will begin its unusual activity again, which was no longer the case for several decades",,,Italy,region,exact_hit,0.181269246922,0.070708521916,0.653113417988,0.094908813173,0.181269246922,stage5_volcano_location_risk_window_v1,provisional volcano null from location-specific at-risk window,"{""baseline_notes"": ""Treat the duplicate Etna renewed-activity row as the same one-off March 1981 eruption window."", ""calibration_window"": {""days"": 155, ""end"": ""1981-03-17"", ""start"": ""1980-10-14""}, ""event_count"": 1, ""lambda"": {""exact"": 0.2, ""near_only"": 0.09032258064516129, ""similar_only"": 2.064516129032258}, ""model"": ""location_risk_window_single_event_v1"", ""probabilities"": {""exact"": 0.18126924692201818, ""miss"": 0.09490881317327604, ""near_only"": 0.07070852191647553, ""similar_only"": 0.6531134179882303}, ""probability_key"": ""etna_eruption_window_1981_duplicate"", ""rate_per_day"": 0.0064516129032258064, ""script_version"": ""stage5_volcano_location_risk_window_v1"", ""window_days"": {""exact"": 31, ""near_only"": 14, ""similar_only"": 320}}",included_in_statistics,Prediction belongs to the scoped volcano slice and has a resolved match outcome.,True,-9642,Exact volcano event found in curated official catalog.,"{""candidate_event_count"": 4, ""exact_candidate_count"": 1, ""log_candidate_count"": 3, ""near_candidate_count"": 0, ""script_version"": ""stage4_volcano_eruption_catalog_v1""}",it-etna-1981-03-17,Etna eruption began,1981-03-17,"Sicily, Italy",volcano_eruption_began,0,Smithsonian Global Volcanism Program,https://volcano.si.edu/volcano.cfm?vn=211060,"{""actor_name"": ""Etna"", ""effective_window_end"": ""1981-03-31"", ""effective_window_start"": ""1981-03-01"", ""jurisdiction"": ""Italy"", ""official_event"": {""actor_name"": ""Etna"", ""event_id"": ""it-etna-1981-03-17"", ""event_start_date"": ""1981-03-17"", ""event_title"": ""Etna eruption began"", ""event_type"": ""volcano_eruption_began"", ""jurisdiction"": ""Italy"", ""location_name"": ""Sicily, Italy"", ""source_excerpt"": ""A summit eruption and short lava flow began on 17 March 1981."", ""source_name"": ""Smithsonian Global Volcanism Program"", ""source_url"": ""https://volcano.si.edu/volcano.cfm?vn=211060"", ""target_keywords"": [""Etna"", ""Sicily"", ""Italy""]}, ""scoped_family"": ""volcano"", ""target_keywords"": [""Etna"", ""Sicily"", ""Italy""], ""target_name"": ""Etna""}"
20344,150,133,volcano,eligible_prediction,False,1981-10-10,2009-10-13,wiki_first_revision:Future Of Mankind Contact Report 150 first page revision,2,event_precedes_publication,The currently recorded provable public date is later than the observed event date.,"The turn of the year 1982/1983 itself does not bring much of importance, but it should be interesting for you to know that shortly after the turn of the year on the Hawaiian Islands a great natural spectacle will be imminent, because a volcano there will erupt again, and that in several and long-lasting eruptions.","The turn of the year 1982/1983 itself does not bring much of importance, but it should be interesting for you to know that shortly after the turn of the year on the Hawaiian Islands a great natural spectacle will be imminent, because a volcano there will erupt again, and that in several and long-lasting eruptions",,,,none,exact_hit,0.002568030729,0.001157593136,0.026096048591,0.970178327544,0.002568030729,stage5_volcano_location_risk_window_v1,provisional volcano null from location-specific at-risk window,"{""baseline_notes"": ""Treat the restart of a major Hawaiian eruption at the turn of 1982/1983 as a one-off named-volcano event."", ""calibration_window"": {""days"": 12056, ""end"": ""1983-01-03"", ""start"": ""1950-01-01""}, ""event_count"": 1, ""lambda"": {""exact"": 0.0025713337757133376, ""near_only"": 0.001161247511612475, ""similar_only"": 0.026542800265428004}, ""model"": ""location_risk_window_single_event_v1"", ""probabilities"": {""exact"": 0.002568030728705595, ""miss"": 0.9701783275441074, ""near_only"": 0.0011575931361605385, ""similar_only"": 0.02609604859102654}, ""probability_key"": ""kilauea_eruption_window"", ""rate_per_day"": 8.294625082946251e-05, ""script_version"": ""stage5_volcano_location_risk_window_v1"", ""window_days"": {""exact"": 31, ""near_only"": 14, ""similar_only"": 320}}",included_in_statistics,Prediction belongs to the scoped volcano slice and has a resolved match outcome.,True,-9780,Exact volcano event found in curated official catalog.,"{""candidate_event_count"": 1, ""exact_candidate_count"": 1, ""log_candidate_count"": 1, ""near_candidate_count"": 0, ""script_version"": ""stage4_volcano_eruption_catalog_v1""}",us-hi-kilauea-1983-01-03,Kilauea East Rift Zone eruption began,1983-01-03,Hawaii,volcano_eruption_began,0,USGS,https://www.usgs.gov/observatories/hvo/news/volcano-watch-kilaueas-long-lived-east-rift-zone-eruption-1983-2018,"{""actor_name"": ""Kilauea"", ""effective_window_end"": ""1983-01-31"", ""effective_window_start"": ""1983-01-01"", ""jurisdiction"": ""Hawaii, United States"", ""official_event"": {""actor_name"": ""Kilauea"", ""event_id"": ""us-hi-kilauea-1983-01-03"", ""event_start_date"": ""1983-01-03"", ""event_title"": ""Kilauea East Rift Zone eruption began"", ""event_type"": ""volcano_eruption_began"", ""jurisdiction"": ""Hawaii, United States"", ""location_name"": ""Hawaii"", ""source_excerpt"": ""Beginning on January 3, 1983, and continuing for 35 years, the eruption along Kilauea Volcano's East Rift Zone was by far the longest-lived."", ""source_name"": ""USGS"", ""source_url"": ""https://www.usgs.gov/observatories/hvo/news/volcano-watch-kilaueas-long-lived-east-rift-zone-eruption-1983-2018"", ""target_keywords"": [""Kilauea"", ""Hawaii"", ""Hawaiian Islands""]}, ""scoped_family"": ""volcano"", ""target_keywords"": [""Kilauea"", ""Hawaii"", ""Hawaiian Islands""], ""target_name"": ""Hawaiian Islands""}"
20370,150,159,volcano,eligible_prediction,False,1981-10-10,2009-10-13,wiki_first_revision:Future Of Mankind Contact Report 150 first page revision,2,event_precedes_publication,The currently recorded provable public date is later than the observed event date.,"Only then will there be some calm again, before another natural event on the Hawaiian Islands will make itself known, namely when a volcano there erupts another time within a short period of time.","Only then will there be some calm again, before another natural event on the Hawaiian Islands will make itself known, namely when a volcano there erupts another time within a short period of time",,,Hawaiian Islands,actor,exact_hit,0.002568030729,0.001157593136,0.026096048591,0.970178327544,0.002568030729,stage5_volcano_location_risk_window_v1,provisional volcano null from location-specific at-risk window,"{""baseline_notes"": ""Treat the broader Hawaiian duplicate row as the same one-off Kilauea restart window at the turn of 1982/1983."", ""calibration_window"": {""days"": 12056, ""end"": ""1983-01-03"", ""start"": ""1950-01-01""}, ""event_count"": 1, ""lambda"": {""exact"": 0.0025713337757133376, ""near_only"": 0.001161247511612475, ""similar_only"": 0.026542800265428004}, ""model"": ""location_risk_window_single_event_v1"", ""probabilities"": {""exact"": 0.002568030728705595, ""miss"": 0.9701783275441074, ""near_only"": 0.0011575931361605385, ""similar_only"": 0.02609604859102654}, ""probability_key"": ""kilauea_eruption_window_duplicate"", ""rate_per_day"": 8.294625082946251e-05, ""script_version"": ""stage5_volcano_location_risk_window_v1"", ""window_days"": {""exact"": 31, ""near_only"": 14, ""similar_only"": 320}}",included_in_statistics,Prediction belongs to the scoped volcano slice and has a resolved match outcome.,True,-9780,Exact volcano event found in curated official catalog.,"{""candidate_event_count"": 1, ""exact_candidate_count"": 1, ""log_candidate_count"": 1, ""near_candidate_count"": 0, ""script_version"": ""stage4_volcano_eruption_catalog_v1""}",us-hi-kilauea-1983-01-03,Kilauea East Rift Zone eruption began,1983-01-03,Hawaii,volcano_eruption_began,0,USGS,https://www.usgs.gov/observatories/hvo/news/volcano-watch-kilaueas-long-lived-east-rift-zone-eruption-1983-2018,"{""actor_name"": ""Kilauea"", ""effective_window_end"": ""1983-01-31"", ""effective_window_start"": ""1983-01-01"", ""jurisdiction"": ""Hawaii, United States"", ""official_event"": {""actor_name"": ""Kilauea"", ""event_id"": ""us-hi-kilauea-1983-01-03"", ""event_start_date"": ""1983-01-03"", ""event_title"": ""Kilauea East Rift Zone eruption began"", ""event_type"": ""volcano_eruption_began"", ""jurisdiction"": ""Hawaii, United States"", ""location_name"": ""Hawaii"", ""source_excerpt"": ""Beginning on January 3, 1983, and continuing for 35 years, the eruption along Kilauea Volcano's East Rift Zone was by far the longest-lived."", ""source_name"": ""USGS"", ""source_url"": ""https://www.usgs.gov/observatories/hvo/news/volcano-watch-kilaueas-long-lived-east-rift-zone-eruption-1983-2018"", ""target_keywords"": [""Kilauea"", ""Hawaii"", ""Hawaiian Islands""]}, ""scoped_family"": ""volcano"", ""target_keywords"": [""Kilauea"", ""Hawaii"", ""Hawaiian Islands""], ""target_name"": ""Hawaiian Islands""}"
20490,182,19,volcano,eligible_prediction,False,1983-02-03,,claimed_contact_date_only,1,no_public_date_evidence,No provable public date is recorded yet; current evaluation still depends on the claimed contact date fallback.,"Around the turning point of March/April, so in less than a month, the Mount Etna volcano in Sicily will again eject large quantities of its red-hot interior.","Around the turning point of March/April, so in less than a month, the Mount Etna volcano in Sicily will again eject large quantities of its red-hot interior",,,Sicily,region,exact_hit,0.270075967129,0.166697899749,0.562066044942,0.001160088180,0.270075967129,stage5_volcano_location_risk_window_v1,provisional volcano null from location-specific at-risk window,"{""baseline_notes"": ""Treat Etna's March 1983 fissure eruption as a one-off named-volcano event over the short post-prediction hazard window."", ""calibration_window"": {""days"": 54, ""end"": ""1983-03-28"", ""start"": ""1983-02-03""}, ""event_count"": 1, ""lambda"": {""exact"": 0.31481481481481477, ""near_only"": 0.25925925925925924, ""similar_only"": 6.185185185185185}, ""model"": ""location_risk_window_single_event_v1"", ""probabilities"": {""exact"": 0.27007596712881643, ""miss"": 0.0011600881802927936, ""near_only"": 0.1666978997487244, ""similar_only"": 0.5620660449421664}, ""probability_key"": ""etna_eruption_window_1983"", ""rate_per_day"": 0.018518518518518517, ""script_version"": ""stage5_volcano_location_risk_window_v1"", ""window_days"": {""exact"": 17, ""near_only"": 14, ""similar_only"": 334}}",included_in_statistics,Prediction belongs to the scoped volcano slice and has a resolved match outcome.,,,Exact volcano event found in curated official catalog.,"{""candidate_event_count"": 3, ""exact_candidate_count"": 1, ""log_candidate_count"": 2, ""near_candidate_count"": 0, ""script_version"": ""stage4_volcano_eruption_catalog_v1""}",it-etna-1983-03-28,Etna destructive fissure eruption began,1983-03-28,"Sicily, Italy",volcano_eruption_began,0,Smithsonian Global Volcanism Program,https://volcano.si.edu/showreport.cfm?doi=10.5479/si.GVP.SEAN198303-211060,"{""actor_name"": ""Etna"", ""effective_window_end"": ""1983-04-05"", ""effective_window_start"": ""1983-03-20"", ""jurisdiction"": ""Italy"", ""official_event"": {""actor_name"": ""Etna"", ""event_id"": ""it-etna-1983-03-28"", ""event_start_date"": ""1983-03-28"", ""event_title"": ""Etna destructive fissure eruption began"", ""event_type"": ""volcano_eruption_began"", ""jurisdiction"": ""Italy"", ""location_name"": ""Sicily, Italy"", ""source_excerpt"": ""A destructive S-flank fissure eruption began on 28 March."", ""source_name"": ""Smithsonian Global Volcanism Program"", ""source_url"": ""https://volcano.si.edu/showreport.cfm?doi=10.5479/si.GVP.SEAN198303-211060"", ""target_keywords"": [""Etna"", ""Sicily"", ""Italy""]}, ""scoped_family"": ""volcano"", ""target_keywords"": [""Etna"", ""Sicily"", ""Italy""], ""target_name"": ""Etna""}"
20713,214,26,volcano,significant_prediction,True,1987-02-03,,claimed_contact_date_only,1,no_public_date_evidence,No provable public date is recorded yet; current evaluation still depends on the claimed contact date fallback.,"But since we are already talking about volcanism: How is it, actually, in Italy with Mount Vesuvius? To my knowledge, this is still active, and if it comes to an eruption, it will presumably come to a worse disaster than what was the case on the 24th of August, A.D.","But since we are already talking about volcanism: How is it, actually, in Italy with Mount Vesuvius? To my knowledge, this is still active, and if it comes to an eruption, it will presumably come to a worse disaster than what was the case on the 24th of August, A.D",1987-08-24,1987-08-24,Italy,region,miss,0E-12,0E-12,0E-12,1.000000000000,1.0,stage5_volcano_location_risk_window_v1,provisional volcano null from location-specific at-risk window,"{""baseline_notes"": ""Retired Vesuvius disaster row with no scored eruption event in scope on the current baseline."", ""calibration_window"": {""days"": 1, ""end"": ""1987-08-24"", ""start"": ""1987-08-24""}, ""event_count"": 0, ""lambda"": {""exact"": 0.0, ""near_only"": 0.0, ""similar_only"": 0.0}, ""model"": ""location_risk_window_single_event_v1"", ""probabilities"": {""exact"": 0.0, ""miss"": 1.0, ""near_only"": 0.0, ""similar_only"": 0.0}, ""probability_key"": ""retired_vesuvius_disaster_claim"", ""rate_per_day"": 0.0, ""script_version"": ""stage5_volcano_location_risk_window_v1"", ""window_days"": {""exact"": 1, ""near_only"": 0, ""similar_only"": 29}}",permanently_unresolved,Prediction is retired from the volcano slice because it is a hypothetical Vesuvius counterfactual rather than a measurable eruption prediction on this baseline.,,,No official catalog event matched the scoped volcano prediction.,"{""candidate_event_count"": 2, ""exact_candidate_count"": 0, ""log_candidate_count"": 0, ""near_candidate_count"": 0, ""script_version"": ""stage4_volcano_eruption_catalog_v1""}",,,,,,,,,
21456,238,7,volcano,significant_prediction,True,1991-05-18,2007-08-08,wiki_first_revision:Future Of Mankind Contact Report 238 first page revision,2,event_precedes_publication,The currently recorded provable public date is later than the observed event date.,"For example, on the 3rd of June, the volcano Unzendake in Japan.","For example, on the 3rd of June, the volcano Unzendake in Japan",1991-06-03,1991-06-03,Japan,region,exact_hit,0.057126856145,0.529065044678,0.413808098704,4.74E-10,0.057126856145,stage5_volcano_location_risk_window_v1,provisional volcano null from location-specific at-risk window,"{""baseline_notes"": ""Treat the Unzendake eruption as a one-off named-volcano event in the short window before the 3 June 1991 dome emergence."", ""calibration_window"": {""days"": 17, ""end"": ""1991-06-03"", ""start"": ""1991-05-18""}, ""event_count"": 1, ""lambda"": {""exact"": 0.058823529411764705, ""near_only"": 0.8235294117647058, ""similar_only"": 20.58823529411765}, ""model"": ""location_risk_window_single_event_v1"", ""probabilities"": {""exact"": 0.05712685614512503, ""miss"": 4.73633057043439e-10, ""near_only"": 0.5290650446775048, ""similar_only"": 0.413808098703737}, ""probability_key"": ""unzendake_eruption_window"", ""rate_per_day"": 0.058823529411764705, ""script_version"": ""stage5_volcano_location_risk_window_v1"", ""window_days"": {""exact"": 1, ""near_only"": 14, ""similar_only"": 350}}",included_in_statistics,Prediction belongs to the scoped volcano slice and has a resolved match outcome.,True,-5910,Exact volcano event found in curated official catalog.,"{""candidate_event_count"": 2, ""exact_candidate_count"": 1, ""log_candidate_count"": 1, ""near_candidate_count"": 0, ""script_version"": ""stage4_volcano_eruption_catalog_v1""}",jp-unzendake-1991-06-03,Unzendake lava dome eruption began,1991-06-03,"Kyushu, Japan",volcano_eruption_began,0,Smithsonian Global Volcanism Program,https://volcano.si.edu/volcano.cfm?vn=282080,"{""actor_name"": ""Unzendake"", ""effective_window_end"": ""1991-06-03"", ""effective_window_start"": ""1991-06-03"", ""jurisdiction"": ""Japan"", ""official_event"": {""actor_name"": ""Unzendake"", ""event_id"": ""jp-unzendake-1991-06-03"", ""event_start_date"": ""1991-06-03"", ""event_title"": ""Unzendake lava dome eruption began"", ""event_type"": ""volcano_eruption_began"", ""jurisdiction"": ""Japan"", ""location_name"": ""Kyushu, Japan"", ""source_excerpt"": ""A lava dome emerged in Jigokuato crater on 3 June."", ""source_name"": ""Smithsonian Global Volcanism Program"", ""source_url"": ""https://volcano.si.edu/volcano.cfm?vn=282080"", ""target_keywords"": [""Unzendake"", ""Unzen"", ""Japan""]}, ""scoped_family"": ""volcano"", ""target_keywords"": [""Unzendake"", ""Unzen"", ""Japan""], ""target_name"": ""Unzendake""}"
21457,238,8,volcano,eligible_prediction,False,1991-05-18,2007-08-08,wiki_first_revision:Future Of Mankind Contact Report 238 first page revision,2,event_precedes_publication,The currently recorded provable public date is later than the observed event date.,on June 9th the Pinatubo in the Philippines will erupt and cause immense damage in addition to claiming many human lives.,on June 9th the Pinatubo in the Philippines will erupt and cause immense damage in addition to claiming many human lives,,,Philippines,actor,near_hit,0.037731285637,0.400644930466,0.561622983743,8.00154E-7,0.400644930466,stage5_volcano_location_risk_window_v1,provisional volcano null from location-specific at-risk window,"{""baseline_notes"": ""Treat Pinatubo's first major June 1991 eruption as a one-off named-volcano event in the immediate post-prediction window."", ""calibration_window"": {""days"": 26, ""end"": ""1991-06-12"", ""start"": ""1991-05-18""}, ""event_count"": 1, ""lambda"": {""exact"": 0.038461538461538464, ""near_only"": 0.5384615384615385, ""similar_only"": 13.461538461538462}, ""model"": ""location_risk_window_single_event_v1"", ""probabilities"": {""exact"": 0.03773128563674277, ""miss"": 8.001540714879164e-07, ""near_only"": 0.4006449304661117, ""similar_only"": 0.561622983743074}, ""probability_key"": ""pinatubo_major_eruption_window"", ""rate_per_day"": 0.038461538461538464, ""script_version"": ""stage5_volcano_location_risk_window_v1"", ""window_days"": {""exact"": 1, ""near_only"": 14, ""similar_only"": 350}}",included_in_statistics,Prediction belongs to the scoped volcano slice and has a resolved match outcome.,True,-5901,Near-window volcano event found in curated official catalog.,"{""candidate_event_count"": 1, ""exact_candidate_count"": 0, ""log_candidate_count"": 1, ""near_candidate_count"": 1, ""script_version"": ""stage4_volcano_eruption_catalog_v1""}",ph-pinatubo-1991-06-12,Pinatubo's first major eruption began,1991-06-12,"Luzon, Philippines",volcano_eruption_began,3,USGS,https://pubs.usgs.gov/fs/1997/fs113-97/,"{""actor_name"": ""Pinatubo"", ""effective_window_end"": ""1991-06-09"", ""effective_window_start"": ""1991-06-09"", ""jurisdiction"": ""Philippines"", ""official_event"": {""actor_name"": ""Pinatubo"", ""event_id"": ""ph-pinatubo-1991-06-12"", ""event_start_date"": ""1991-06-12"", ""event_title"": ""Pinatubo's first major eruption began"", ""event_type"": ""volcano_eruption_began"", ""jurisdiction"": ""Philippines"", ""location_name"": ""Luzon, Philippines"", ""source_excerpt"": ""On June 12, Pinatubo had its first major eruption, which generated a 19-km-high eruption column."", ""source_name"": ""USGS"", ""source_url"": ""https://pubs.usgs.gov/fs/1997/fs113-97/"", ""target_keywords"": [""Pinatubo"", ""Philippines""]}, ""scoped_family"": ""volcano"", ""target_keywords"": [""Pinatubo"", ""Philippines""], ""target_name"": ""Pinatubo""}"
21490,238,41,volcano,significant_prediction,True,1991-05-18,2007-08-08,wiki_first_revision:Future Of Mankind Contact Report 238 first page revision,2,public_date_ok,The current provable public date does not postdate the observed event date.,"Japan is also talking about other things in the near future and not because of the volcano Unzendake, of which I already reported, but because of an oil tanker with the name 'Tenyo Maru', which will suffer a heavy accident and lose large quantities of oil and endanger the coast and thus a lot of natural life, as it always occurs in such cases.","Japan is also talking about other things in the near future and not because of the volcano Unzendake, of which I already reported, but because of an oil tanker with the name 'Tenyo Maru', which will suffer a heavy accident and lose large quantities of oil and endanger the coast and thus a lot of natural life, as it always occurs in such cases",1991-05-18,1996-05-18,,none,miss,0E-12,0E-12,0E-12,1.000000000000,1.0,stage5_volcano_location_risk_window_v1,provisional volcano null from location-specific at-risk window,"{""baseline_notes"": ""Retired Tenyo Maru oil-tanker row because it falls outside the named-volcano eruption catalog."", ""calibration_window"": {""days"": 1828, ""end"": ""1996-05-18"", ""start"": ""1991-05-18""}, ""event_count"": 0, ""lambda"": {""exact"": 0.0, ""near_only"": 0.0, ""similar_only"": 0.0}, ""model"": ""location_risk_window_single_event_v1"", ""probabilities"": {""exact"": 0.0, ""miss"": 1.0, ""near_only"": 0.0, ""similar_only"": 0.0}, ""probability_key"": ""retired_tenyo_maru_oil_tanker_row"", ""rate_per_day"": 0.0, ""script_version"": ""stage5_volcano_location_risk_window_v1"", ""window_days"": {""exact"": 1828, ""near_only"": 0, ""similar_only"": 0}}",permanently_unresolved,"Prediction is retired from the volcano slice because it is an oil-tanker accident claim, not a volcano event.",,,No official catalog event matched the scoped volcano prediction.,"{""candidate_event_count"": 2, ""exact_candidate_count"": 0, ""log_candidate_count"": 0, ""near_candidate_count"": 0, ""script_version"": ""stage4_volcano_eruption_catalog_v1""}",,,,,,,,,
21607,238,158,volcano,prediction_but_not_meaningful,False,1991-05-18,2007-08-08,wiki_first_revision:Future Of Mankind Contact Report 238 first page revision,2,event_precedes_publication,The currently recorded provable public date is later than the observed event date.,But the unity and recognition and observance of the truth by all who are connected with it and with the mission will make everyone strong and bring much success in spite of all the fallout.,But the unity and recognition and observance of the truth by all who are connected with it and with the mission will make everyone strong and bring much success in spite of all the fallout,,,,none,near_hit,0.004728123559,0.063893856253,0.754068402112,0.177309618076,0.063893856253,stage5_volcano_location_risk_window_v1,provisional volcano null from location-specific at-risk window,"{""baseline_notes"": ""Treat Etna's December 1991 flank eruption as a one-off named-volcano event over the post-prediction hazard window."", ""calibration_window"": {""days"": 211, ""end"": ""1991-12-14"", ""start"": ""1991-05-18""}, ""event_count"": 1, ""lambda"": {""exact"": 0.004739336492890996, ""near_only"": 0.06635071090047394, ""similar_only"": 1.6587677725118484}, ""model"": ""location_risk_window_single_event_v1"", ""probabilities"": {""exact"": 0.0047281235586446035, ""miss"": 0.17730961807609452, ""near_only"": 0.06389385625288678, ""similar_only"": 0.7540684021123742}, ""probability_key"": ""etna_eruption_window_1991"", ""rate_per_day"": 0.004739336492890996, ""script_version"": ""stage5_volcano_location_risk_window_v1"", ""window_days"": {""exact"": 1, ""near_only"": 14, ""similar_only"": 350}}",included_in_statistics,Prediction belongs to the scoped volcano slice and has a resolved match outcome.,True,-5716,Near-window volcano event found in curated official catalog.,"{""candidate_event_count"": 2, ""exact_candidate_count"": 0, ""log_candidate_count"": 1, ""near_candidate_count"": 1, ""script_version"": ""stage4_volcano_eruption_catalog_v1""}",it-etna-1991-12-14,Etna flank eruption began,1991-12-14,"Sicily, Italy",volcano_eruption_began,1,Smithsonian Global Volcanism Program,https://volcano.si.edu/volcano.cfm?vn=211060,"{""actor_name"": ""Etna"", ""effective_window_end"": ""1991-12-15"", ""effective_window_start"": ""1991-12-15"", ""jurisdiction"": ""Italy"", ""official_event"": {""actor_name"": ""Etna"", ""event_id"": ""it-etna-1991-12-14"", ""event_start_date"": ""1991-12-14"", ""event_title"": ""Etna flank eruption began"", ""event_type"": ""volcano_eruption_began"", ""jurisdiction"": ""Italy"", ""location_name"": ""Sicily, Italy"", ""source_excerpt"": ""A flank eruption began on 14 December 1991."", ""source_name"": ""Smithsonian Global Volcanism Program"", ""source_url"": ""https://volcano.si.edu/volcano.cfm?vn=211060"", ""target_keywords"": [""Etna"", ""Sicily"", ""Italy""]}, ""scoped_family"": ""volcano"", ""target_keywords"": [""Etna"", ""Sicily"", ""Italy""], ""target_name"": ""Etna""}"
21609,238,160,volcano,eligible_prediction,False,1991-05-18,2007-08-08,wiki_first_revision:Future Of Mankind Contact Report 238 first page revision,2,event_precedes_publication,The currently recorded provable public date is later than the observed event date.,"It is only clear to us what has just been explained to you, which will happen at about the same time, when the volcano Etna will unfold a greater activity on Sicily after a rest of about two years, as our volcanologists have fathomed.","It is only clear to us what has just been explained to you, which will happen at about the same time, when the volcano Etna will unfold a greater activity on Sicily after a rest of about two years, as our volcanologists have fathomed",,,Etna,actor,exact_hit,0.136636465291,0.055425685068,0.630628231565,0.177309618076,0.136636465291,stage5_volcano_location_risk_window_v1,provisional volcano null from location-specific at-risk window,"{""baseline_notes"": ""Treat the broader December 1991 Etna reactivation row as the same one-off flank-eruption window."", ""calibration_window"": {""days"": 211, ""end"": ""1991-12-14"", ""start"": ""1991-05-18""}, ""event_count"": 1, ""lambda"": {""exact"": 0.14691943127962087, ""near_only"": 0.06635071090047394, ""similar_only"": 1.5165876777251186}, ""model"": ""location_risk_window_single_event_v1"", ""probabilities"": {""exact"": 0.13663646529057571, ""miss"": 0.1773096180760945, ""near_only"": 0.05542568506803236, ""similar_only"": 0.6306282315652975}, ""probability_key"": ""etna_eruption_window_1991_broad"", ""rate_per_day"": 0.004739336492890996, ""script_version"": ""stage5_volcano_location_risk_window_v1"", ""window_days"": {""exact"": 31, ""near_only"": 14, ""similar_only"": 320}}",included_in_statistics,Prediction belongs to the scoped volcano slice and has a resolved match outcome.,True,-5716,Exact volcano event found in curated official catalog.,"{""candidate_event_count"": 2, ""exact_candidate_count"": 1, ""log_candidate_count"": 1, ""near_candidate_count"": 0, ""script_version"": ""stage4_volcano_eruption_catalog_v1""}",it-etna-1991-12-14,Etna flank eruption began,1991-12-14,"Sicily, Italy",volcano_eruption_began,0,Smithsonian Global Volcanism Program,https://volcano.si.edu/volcano.cfm?vn=211060,"{""actor_name"": ""Etna"", ""effective_window_end"": ""1991-12-31"", ""effective_window_start"": ""1991-12-01"", ""jurisdiction"": ""Italy"", ""official_event"": {""actor_name"": ""Etna"", ""event_id"": ""it-etna-1991-12-14"", ""event_start_date"": ""1991-12-14"", ""event_title"": ""Etna flank eruption began"", ""event_type"": ""volcano_eruption_began"", ""jurisdiction"": ""Italy"", ""location_name"": ""Sicily, Italy"", ""source_excerpt"": ""A flank eruption began on 14 December 1991."", ""source_name"": ""Smithsonian Global Volcanism Program"", ""source_url"": ""https://volcano.si.edu/volcano.cfm?vn=211060"", ""target_keywords"": [""Etna"", ""Sicily"", ""Italy""]}, ""scoped_family"": ""volcano"", ""target_keywords"": [""Etna"", ""Sicily"", ""Italy""], ""target_name"": ""Etna""}"
21610,238,161,volcano,eligible_prediction,False,1991-05-18,2007-08-08,wiki_first_revision:Future Of Mankind Contact Report 238 first page revision,2,event_precedes_publication,The currently recorded provable public date is later than the observed event date.,"According to their statements, the new activity of the volcano on the 15th of December should result, whereby this naming of the time should be very exact, as one assured me.","According to their statements, the new activity of the volcano on the 15th of December should result, whereby this naming of the time should be very exact, as one assured me",1991-12-15,1991-12-15,,none,near_hit,0.004728123559,0.063893856253,0.754068402112,0.177309618076,0.063893856253,stage5_volcano_location_risk_window_v1,provisional volcano null from location-specific at-risk window,"{""baseline_notes"": ""Treat the named-day Etna duplicate row as the same one-off December 1991 eruption window."", ""calibration_window"": {""days"": 211, ""end"": ""1991-12-14"", ""start"": ""1991-05-18""}, ""event_count"": 1, ""lambda"": {""exact"": 0.004739336492890996, ""near_only"": 0.06635071090047394, ""similar_only"": 1.6587677725118484}, ""model"": ""location_risk_window_single_event_v1"", ""probabilities"": {""exact"": 0.0047281235586446035, ""miss"": 0.17730961807609452, ""near_only"": 0.06389385625288678, ""similar_only"": 0.7540684021123742}, ""probability_key"": ""etna_eruption_window_1991_named_day"", ""rate_per_day"": 0.004739336492890996, ""script_version"": ""stage5_volcano_location_risk_window_v1"", ""window_days"": {""exact"": 1, ""near_only"": 14, ""similar_only"": 350}}",included_in_statistics,Prediction belongs to the scoped volcano slice and has a resolved match outcome.,True,-5716,Near-window volcano event found in curated official catalog.,"{""candidate_event_count"": 2, ""exact_candidate_count"": 0, ""log_candidate_count"": 1, ""near_candidate_count"": 1, ""script_version"": ""stage4_volcano_eruption_catalog_v1""}",it-etna-1991-12-14,Etna flank eruption began,1991-12-14,"Sicily, Italy",volcano_eruption_began,1,Smithsonian Global Volcanism Program,https://volcano.si.edu/volcano.cfm?vn=211060,"{""actor_name"": ""Etna"", ""effective_window_end"": ""1991-12-15"", ""effective_window_start"": ""1991-12-15"", ""jurisdiction"": ""Italy"", ""official_event"": {""actor_name"": ""Etna"", ""event_id"": ""it-etna-1991-12-14"", ""event_start_date"": ""1991-12-14"", ""event_title"": ""Etna flank eruption began"", ""event_type"": ""volcano_eruption_began"", ""jurisdiction"": ""Italy"", ""location_name"": ""Sicily, Italy"", ""source_excerpt"": ""A flank eruption began on 14 December 1991."", ""source_name"": ""Smithsonian Global Volcanism Program"", ""source_url"": ""https://volcano.si.edu/volcano.cfm?vn=211060"", ""target_keywords"": [""Etna"", ""Sicily"", ""Italy""]}, ""scoped_family"": ""volcano"", ""target_keywords"": [""Etna"", ""Sicily"", ""Italy""], ""target_name"": ""Etna""}"
21715,241,47,volcano,eligible_prediction,False,1992-02-03,,claimed_contact_date_only,1,no_public_date_evidence,No provable public date is recorded yet; current evaluation still depends on the claimed contact date fallback.,Or that the volcano Etna on Sicily will not calm down so quickly.,Or that the volcano Etna on Sicily will not calm down so quickly,,,Sicily,actor,exact_hit,0.360942723496,0.120506028853,0.514245313593,0.004305934058,0.360942723496,stage5_volcano_location_risk_window_v1,provisional volcano null from location-specific at-risk window,"{""baseline_notes"": ""Treat Cerro Negro's April 1992 eruption as a one-off named-volcano event in the immediate post-prediction season."", ""calibration_window"": {""days"": 67, ""end"": ""1992-04-09"", ""start"": ""1992-02-03""}, ""event_count"": 1, ""lambda"": {""exact"": 0.44776119402985076, ""near_only"": 0.208955223880597, ""similar_only"": 4.791044776119403}, ""model"": ""location_risk_window_single_event_v1"", ""probabilities"": {""exact"": 0.36094272349590917, ""miss"": 0.004305934058464471, ""near_only"": 0.12050602885265006, ""similar_only"": 0.5142453135929763}, ""probability_key"": ""cerro_negro_eruption_window_1992"", ""rate_per_day"": 0.014925373134328358, ""script_version"": ""stage5_volcano_location_risk_window_v1"", ""window_days"": {""exact"": 30, ""near_only"": 14, ""similar_only"": 321}}",included_in_statistics,Prediction belongs to the scoped volcano slice and has a resolved match outcome.,,,Exact volcano event found in curated official catalog.,"{""candidate_event_count"": 1, ""exact_candidate_count"": 1, ""log_candidate_count"": 1, ""near_candidate_count"": 0, ""script_version"": ""stage4_volcano_eruption_catalog_v1""}",ni-cerro-negro-1992-04-09,Cerro Negro eruption began,1992-04-09,Nicaragua,volcano_eruption_began,0,Smithsonian Global Volcanism Program,https://volcano.si.edu/volcano.cfm?vn=344070,"{""actor_name"": ""Cerro Negro"", ""effective_window_end"": ""1992-04-30"", ""effective_window_start"": ""1992-04-01"", ""jurisdiction"": ""Nicaragua"", ""official_event"": {""actor_name"": ""Cerro Negro"", ""event_id"": ""ni-cerro-negro-1992-04-09"", ""event_start_date"": ""1992-04-09"", ""event_title"": ""Cerro Negro eruption began"", ""event_type"": ""volcano_eruption_began"", ""jurisdiction"": ""Nicaragua"", ""location_name"": ""Nicaragua"", ""source_excerpt"": ""A Strombolian eruption began on 9 April 1992 and lasted through 14 April."", ""source_name"": ""Smithsonian Global Volcanism Program"", ""source_url"": ""https://volcano.si.edu/volcano.cfm?vn=344070"", ""target_keywords"": [""Cerro Negro"", ""Nicaragua""]}, ""scoped_family"": ""volcano"", ""target_keywords"": [""Cerro Negro"", ""Nicaragua""], ""target_name"": ""Cerro Negro""}"
21716,241,48,volcano,eligible_prediction,False,1992-02-03,,claimed_contact_date_only,1,no_public_date_evidence,No provable public date is recorded yet; current evaluation still depends on the claimed contact date fallback.,"will also develop dangerous activities in the month of April, as it will also be in Nicaragua with the volcano Cerro Negro, while at the same time especially in America large fire conflagurations will haunt various national parks and also the International Peace Park.","will also develop dangerous activities in the month of April, as it will also be in Nicaragua with the volcano Cerro Negro, while at the same time especially in America large fire conflagurations will haunt various national parks and also the International Peace Park",,,Nicaragua,region,exact_hit,0.360942723496,0.120506028853,0.514245313593,0.004305934058,0.360942723496,stage5_volcano_location_risk_window_v1,provisional volcano null from location-specific at-risk window,"{""baseline_notes"": ""Treat the duplicate Cerro Negro row as the same one-off April 1992 eruption window."", ""calibration_window"": {""days"": 67, ""end"": ""1992-04-09"", ""start"": ""1992-02-03""}, ""event_count"": 1, ""lambda"": {""exact"": 0.44776119402985076, ""near_only"": 0.208955223880597, ""similar_only"": 4.791044776119403}, ""model"": ""location_risk_window_single_event_v1"", ""probabilities"": {""exact"": 0.36094272349590917, ""miss"": 0.004305934058464471, ""near_only"": 0.12050602885265006, ""similar_only"": 0.5142453135929763}, ""probability_key"": ""cerro_negro_eruption_window_1992_duplicate"", ""rate_per_day"": 0.014925373134328358, ""script_version"": ""stage5_volcano_location_risk_window_v1"", ""window_days"": {""exact"": 30, ""near_only"": 14, ""similar_only"": 321}}",included_in_statistics,Prediction belongs to the scoped volcano slice and has a resolved match outcome.,,,Exact volcano event found in curated official catalog.,"{""candidate_event_count"": 1, ""exact_candidate_count"": 1, ""log_candidate_count"": 1, ""near_candidate_count"": 0, ""script_version"": ""stage4_volcano_eruption_catalog_v1""}",ni-cerro-negro-1992-04-09,Cerro Negro eruption began,1992-04-09,Nicaragua,volcano_eruption_began,0,Smithsonian Global Volcanism Program,https://volcano.si.edu/volcano.cfm?vn=344070,"{""actor_name"": ""Cerro Negro"", ""effective_window_end"": ""1992-04-30"", ""effective_window_start"": ""1992-04-01"", ""jurisdiction"": ""Nicaragua"", ""official_event"": {""actor_name"": ""Cerro Negro"", ""event_id"": ""ni-cerro-negro-1992-04-09"", ""event_start_date"": ""1992-04-09"", ""event_title"": ""Cerro Negro eruption began"", ""event_type"": ""volcano_eruption_began"", ""jurisdiction"": ""Nicaragua"", ""location_name"": ""Nicaragua"", ""source_excerpt"": ""A Strombolian eruption began on 9 April 1992 and lasted through 14 April."", ""source_name"": ""Smithsonian Global Volcanism Program"", ""source_url"": ""https://volcano.si.edu/volcano.cfm?vn=344070"", ""target_keywords"": [""Cerro Negro"", ""Nicaragua""]}, ""scoped_family"": ""volcano"", ""target_keywords"": [""Cerro Negro"", ""Nicaragua""], ""target_name"": ""Cerro Negro""}"
22296,366,13,volcano,prediction_but_not_measurable,False,2004-09-03,2020-02-11,wiki_first_revision,2,public_date_ok,The current provable public date does not postdate the observed event date.,"But this will not be the end of the hurricanes in the Caribbean, because this storm will also be followed by the next one immediately.","But this will not be the end of the hurricanes in the Caribbean, because this storm will also be followed by the next one immediately",,,,none,miss,0.632120558829,0.242564236327,0.125315204843,1E-12,1e-12,stage5_volcano_location_risk_window_v1,provisional volcano null from location-specific at-risk window,"{""baseline_notes"": ""Treat Asamayama's September 2004 eruption onset as a one-off named-volcano event in the immediate post-prediction window."", ""calibration_window"": {""days"": 13, ""end"": ""2004-09-15"", ""start"": ""2004-09-03""}, ""event_count"": 1, ""lambda"": {""exact"": 1.0, ""near_only"": 1.076923076923077, ""similar_only"": 26.0}, ""model"": ""location_risk_window_single_event_v1"", ""probabilities"": {""exact"": 0.6321205588285577, ""miss"": 6.402465381186897e-13, ""near_only"": 0.2425642363273051, ""similar_only"": 0.12531520484349695}, ""probability_key"": ""asamayama_eruption_window_2004"", ""rate_per_day"": 0.07692307692307693, ""script_version"": ""stage5_volcano_location_risk_window_v1"", ""window_days"": {""exact"": 13, ""near_only"": 14, ""similar_only"": 338}}",included_in_statistics,Prediction belongs to the scoped volcano slice and has a resolved match outcome.,,,No official catalog event matched the scoped volcano prediction.,"{""candidate_event_count"": 0, ""exact_candidate_count"": 0, ""log_candidate_count"": 0, ""near_candidate_count"": 0, ""script_version"": ""stage4_volcano_eruption_catalog_v1""}",,,,,,,,,
22468,383,13,volcano,significant_prediction,True,2005-03-17,2020-02-27,manual_source_link:Future Of Mankind Contact Report 383 English translation page,2,event_precedes_publication,The currently recorded provable public date is later than the observed event date.,"Elsewhere, on the 27th/28th of March in Mexico, the volcano Colimo begins to erupt again, while in Monaco Prince Rainier III falls seriously ill and hovers for weeks between life and death, his purely physical functions being maintained for weeks only by apparatus, before he dies on the 6th of April.","Elsewhere, on the 27th/28th of March in Mexico, the volcano Colimo begins to erupt again, while in Monaco Prince Rainier III falls seriously ill and hovers for weeks between life and death, his purely physical functions being maintained for weeks only by apparatus, before he dies on the 6th of April",2005-04-06,2005-04-06,Mexico,region,similar_only,0E-12,0E-12,0E-12,1.000000000000,0.0,stage5_volcano_location_risk_window_v1,provisional volcano null from location-specific at-risk window,"{""baseline_notes"": ""Retired Colima row because the checked-in volcano catalog does not yet include a defensible Colima eruption event."", ""calibration_window"": {""days"": 1, ""end"": ""2005-04-06"", ""start"": ""2005-04-06""}, ""event_count"": 0, ""lambda"": {""exact"": 0.0, ""near_only"": 0.0, ""similar_only"": 0.0}, ""model"": ""location_risk_window_single_event_v1"", ""probabilities"": {""exact"": 0.0, ""miss"": 1.0, ""near_only"": 0.0, ""similar_only"": 0.0}, ""probability_key"": ""retired_colima_catalog_gap_row"", ""rate_per_day"": 0.0, ""script_version"": ""stage5_volcano_location_risk_window_v1"", ""window_days"": {""exact"": 1, ""near_only"": 0, ""similar_only"": 29}}",included_in_statistics,Prediction belongs to the scoped volcano slice and has a resolved match outcome.,True,-5454,"Same volcano/event type found, but timing only partially matches.","{""candidate_event_count"": 1, ""exact_candidate_count"": 0, ""log_candidate_count"": 1, ""near_candidate_count"": 0, ""script_version"": ""stage4_volcano_eruption_catalog_v1""}",mx-colima-2005-03-23,Colima ash-emission episode began,2005-03-23,"Colima, Mexico",volcano_eruption_began,14,Smithsonian Global Volcanism Program,https://volcano.si.edu/volcano.cfm?vn=341040,"{""actor_name"": ""Colima"", ""effective_window_end"": ""2005-04-06"", ""effective_window_start"": ""2005-04-06"", ""jurisdiction"": ""Mexico"", ""official_event"": {""actor_name"": ""Colima"", ""event_id"": ""mx-colima-2005-03-23"", ""event_start_date"": ""2005-03-23"", ""event_title"": ""Colima ash-emission episode began"", ""event_type"": ""volcano_eruption_began"", ""jurisdiction"": ""Mexico"", ""location_name"": ""Colima, Mexico"", ""source_excerpt"": ""During 23-29 March there were several ash emissions from Colima."", ""source_name"": ""Smithsonian Global Volcanism Program"", ""source_url"": ""https://volcano.si.edu/volcano.cfm?vn=341040"", ""target_keywords"": [""Colima"", ""Volcan de Colima"", ""Mexico""]}, ""scoped_family"": ""volcano"", ""target_keywords"": [""Colima"", ""Mexico""], ""target_name"": ""Colima""}"
22482,383,27,volcano,significant_prediction,True,2005-03-17,2020-02-27,manual_source_link:Future Of Mankind Contact Report 383 English translation page,2,event_precedes_publication,The currently recorded provable public date is later than the observed event date.,"on the 11th of April the volcano Talang begins to erupt, which will be directly related to the seaquakes off Sumatra.","on the 11th of April the volcano Talang begins to erupt, which will be directly related to the seaquakes off Sumatra",2005-04-11,2005-04-11,Sumatra,region,near_hit,0.036359555699,0.389887023564,0.573752074933,0.000001345805,0.389887023564,stage5_volcano_location_risk_window_v1,provisional volcano null from location-specific at-risk window,"{""baseline_notes"": ""Treat Talang's April 2005 eruption onset as a one-off named-volcano event over the short post-prediction hazard window."", ""calibration_window"": {""days"": 27, ""end"": ""2005-04-12"", ""start"": ""2005-03-17""}, ""event_count"": 1, ""lambda"": {""exact"": 0.037037037037037035, ""near_only"": 0.5185185185185185, ""similar_only"": 12.962962962962962}, ""model"": ""location_risk_window_single_event_v1"", ""probabilities"": {""exact"": 0.03635955569871374, ""miss"": 1.3458045860550474e-06, ""near_only"": 0.38988702356385346, ""similar_only"": 0.5737520749328467}, ""probability_key"": ""talang_eruption_window"", ""rate_per_day"": 0.037037037037037035, ""script_version"": ""stage5_volcano_location_risk_window_v1"", ""window_days"": {""exact"": 1, ""near_only"": 14, ""similar_only"": 350}}",included_in_statistics,Prediction belongs to the scoped volcano slice and has a resolved match outcome.,True,-5434,Near-window volcano event found in curated official catalog.,"{""candidate_event_count"": 1, ""exact_candidate_count"": 0, ""log_candidate_count"": 1, ""near_candidate_count"": 1, ""script_version"": ""stage4_volcano_eruption_catalog_v1""}",id-talang-2005-04-12,Talang eruption began,2005-04-12,"Sumatra, Indonesia",volcano_eruption_began,1,Smithsonian Global Volcanism Program,https://volcano.si.edu/volcano.cfm?vn=261140,"{""actor_name"": ""Talang"", ""effective_window_end"": ""2005-04-11"", ""effective_window_start"": ""2005-04-11"", ""jurisdiction"": ""Indonesia"", ""official_event"": {""actor_name"": ""Talang"", ""event_id"": ""id-talang-2005-04-12"", ""event_start_date"": ""2005-04-12"", ""event_title"": ""Talang eruption began"", ""event_type"": ""volcano_eruption_began"", ""jurisdiction"": ""Indonesia"", ""location_name"": ""Sumatra, Indonesia"", ""source_excerpt"": ""An eruption began on 12 April 2005 after increased seismicity."", ""source_name"": ""Smithsonian Global Volcanism Program"", ""source_url"": ""https://volcano.si.edu/volcano.cfm?vn=261140"", ""target_keywords"": [""Talang"", ""Indonesia"", ""Sumatra""]}, ""scoped_family"": ""volcano"", ""target_keywords"": [""Talang"", ""Indonesia"", ""Sumatra""], ""target_name"": ""Talang""}"
22576,400,3,volcano,significant_prediction,True,2005-09-25,,claimed_contact_date_only,1,no_public_date_evidence,No provable public date is recorded yet; current evaluation still depends on the claimed contact date fallback.,"At about the same time, El Salvador will be hit by a volcanic eruption of the Ilamatepec and a catastrophe of many landslides due to torrential rains caused by a big hurricane called 'Stan', which will affect about 300 villages and cause the loss of lives.","At about the same time, El Salvador will be hit by a volcanic eruption of the Ilamatepec and a catastrophe of many landslides due to torrential rains caused by a big hurricane called 'Stan', which will affect about 300 villages and cause the loss of lives",,,El Salvador,actor,exact_hit,0.792251812856,0.179632527395,0.028115659749,0E-12,0.792251812856,stage5_volcano_location_risk_window_v1,provisional volcano null from location-specific at-risk window,"{""baseline_notes"": ""Treat Santa Ana's 1 October 2005 eruption as a one-off named-volcano event in the immediate post-prediction window."", ""calibration_window"": {""days"": 7, ""end"": ""2005-10-01"", ""start"": ""2005-09-25""}, ""event_count"": 1, ""lambda"": {""exact"": 1.5714285714285714, ""near_only"": 2.0, ""similar_only"": 48.57142857142857}, ""model"": ""location_risk_window_single_event_v1"", ""probabilities"": {""exact"": 0.7922518128563991, ""miss"": 2.262793237675407e-23, ""near_only"": 0.17963252739462882, ""similar_only"": 0.028115659748972045}, ""probability_key"": ""santa_ana_eruption_window_2005"", ""rate_per_day"": 0.14285714285714285, ""script_version"": ""stage5_volcano_location_risk_window_v1"", ""window_days"": {""exact"": 11, ""near_only"": 14, ""similar_only"": 340}}",included_in_statistics,Prediction belongs to the scoped volcano slice and has a resolved match outcome.,,,Exact volcano event found in curated official catalog.,"{""candidate_event_count"": 1, ""exact_candidate_count"": 1, ""log_candidate_count"": 1, ""near_candidate_count"": 0, ""script_version"": ""stage4_volcano_eruption_catalog_v1""}",sv-santa-ana-2005-10-01,Santa Ana (Ilamatepec) eruption began,2005-10-01,El Salvador,volcano_eruption_began,0,Smithsonian Global Volcanism Program,https://volcano.si.edu/showreport.cfm?doi=10.5479/si.GVP.BGVN200509-343020,"{""actor_name"": ""Santa Ana"", ""effective_window_end"": ""2005-10-05"", ""effective_window_start"": ""2005-09-25"", ""jurisdiction"": ""El Salvador"", ""official_event"": {""actor_name"": ""Santa Ana"", ""event_id"": ""sv-santa-ana-2005-10-01"", ""event_start_date"": ""2005-10-01"", ""event_title"": ""Santa Ana (Ilamatepec) eruption began"", ""event_type"": ""volcano_eruption_began"", ""jurisdiction"": ""El Salvador"", ""location_name"": ""El Salvador"", ""source_excerpt"": ""This report discusses a 1 October 2005 eruption at Santa Ana (also called Ilamatepec)."", ""source_name"": ""Smithsonian Global Volcanism Program"", ""source_url"": ""https://volcano.si.edu/showreport.cfm?doi=10.5479/si.GVP.BGVN200509-343020"", ""target_keywords"": [""Santa Ana"", ""Ilamatepec"", ""El Salvador""]}, ""scoped_family"": ""volcano"", ""target_keywords"": [""Santa Ana"", ""Ilamatepec"", ""El Salvador""], ""target_name"": ""Santa Ana""}"
22782,444,3,volcano,eligible_prediction,False,2007-02-23,,claimed_contact_date_only,1,no_public_date_evidence,No provable public date is recorded yet; current evaluation still depends on the claimed contact date fallback.,"Towards the end of this month of February, after four years of dormancy in the Mediterranean, the Italian volcano Stromboli will begin to become active again, leading to an indirect series of seaquakes near the Greek peninsula of Chalkidiki.","Towards the end of this month of February, after four years of dormancy in the Mediterranean, the Italian volcano Stromboli will begin to become active again, leading to an indirect series of seaquakes near the Greek peninsula of Chalkidiki",,,Stromboli,actor,exact_hit,0.698805788088,0.282878573023,0.018315638889,0E-12,0.698805788088,stage5_volcano_location_risk_window_v1,provisional volcano null from location-specific at-risk window,"{""baseline_notes"": ""Treat Stromboli's late-February 2007 reactivation as a one-off named-volcano event."", ""calibration_window"": {""days"": 5, ""end"": ""2007-02-27"", ""start"": ""2007-02-23""}, ""event_count"": 1, ""lambda"": {""exact"": 1.2000000000000002, ""near_only"": 2.8000000000000003, ""similar_only"": 69.0}, ""model"": ""location_risk_window_single_event_v1"", ""probabilities"": {""exact"": 0.698805788087798, ""miss"": 1.9792598779469045e-32, ""near_only"": 0.28287857302346786, ""similar_only"": 0.01831563888873418}, ""probability_key"": ""stromboli_eruption_window"", ""rate_per_day"": 0.2, ""script_version"": ""stage5_volcano_location_risk_window_v1"", ""window_days"": {""exact"": 6, ""near_only"": 14, ""similar_only"": 345}}",included_in_statistics,Prediction belongs to the scoped volcano slice and has a resolved match outcome.,,,Exact volcano event found in curated official catalog.,"{""candidate_event_count"": 1, ""exact_candidate_count"": 1, ""log_candidate_count"": 1, ""near_candidate_count"": 0, ""script_version"": ""stage4_volcano_eruption_catalog_v1""}",it-stromboli-2007-02-27,Stromboli effusive eruption resumed,2007-02-27,"Aeolian Islands, Italy",volcano_eruption_began,0,Smithsonian Global Volcanism Program,https://volcano.si.edu/volcano.cfm?vn=211040,"{""actor_name"": ""Stromboli"", ""effective_window_end"": ""2007-02-28"", ""effective_window_start"": ""2007-02-23"", ""jurisdiction"": ""Italy"", ""official_event"": {""actor_name"": ""Stromboli"", ""event_id"": ""it-stromboli-2007-02-27"", ""event_start_date"": ""2007-02-27"", ""event_title"": ""Stromboli effusive eruption resumed"", ""event_type"": ""volcano_eruption_began"", ""jurisdiction"": ""Italy"", ""location_name"": ""Aeolian Islands, Italy"", ""source_excerpt"": ""An effusive eruption started on 27 February 2007 from vents in the NE crater area."", ""source_name"": ""Smithsonian Global Volcanism Program"", ""source_url"": ""https://volcano.si.edu/volcano.cfm?vn=211040"", ""target_keywords"": [""Stromboli"", ""Italy"", ""Mediterranean""]}, ""scoped_family"": ""volcano"", ""target_keywords"": [""Stromboli"", ""Italy"", ""Mediterranean""], ""target_name"": ""Stromboli""}"
22843,453,23,volcano,eligible_prediction,False,2007-07-14,2011-05-08,wiki_first_revision:Future Of Mankind Contact Report 453 first page revision,2,event_precedes_publication,The currently recorded provable public date is later than the observed event date.,"This will be followed by a volcanic eruption on Jabal al-Tair, on the so-called Bird Island, with several deaths also to be expected.","This will be followed by a volcanic eruption on Jabal al-Tair, on the so-called Bird Island, with several deaths also to be expected",,,This,actor,exact_hit,0.695740224475,0.049411932923,0.244997540604,0.009850301998,0.695740224475,stage5_volcano_location_risk_window_v1,provisional volcano null from location-specific at-risk window,"{""baseline_notes"": ""Treat the duplicate Bird Island row as the same one-off Jebel at Tair eruption window."", ""calibration_window"": {""days"": 79, ""end"": ""2007-09-30"", ""start"": ""2007-07-14""}, ""event_count"": 1, ""lambda"": {""exact"": 1.1898734177215189, ""near_only"": 0.17721518987341772, ""similar_only"": 3.2531645569620253}, ""model"": ""location_risk_window_single_event_v1"", ""probabilities"": {""exact"": 0.6957402244751454, ""miss"": 0.009850301998155094, ""near_only"": 0.049411932922620035, ""similar_only"": 0.24499754060407955}, ""probability_key"": ""jebel_at_tair_eruption_window_duplicate"", ""rate_per_day"": 0.012658227848101266, ""script_version"": ""stage5_volcano_location_risk_window_v1"", ""window_days"": {""exact"": 94, ""near_only"": 14, ""similar_only"": 257}}",included_in_statistics,Prediction belongs to the scoped volcano slice and has a resolved match outcome.,True,-1316,Exact volcano event found in curated official catalog.,"{""candidate_event_count"": 1, ""exact_candidate_count"": 1, ""log_candidate_count"": 1, ""near_candidate_count"": 0, ""script_version"": ""stage4_volcano_eruption_catalog_v1""}",ye-jebel-at-tair-2007-09-30,Jebel at Tair eruption began,2007-09-30,"Red Sea, Yemen",volcano_eruption_began,0,Smithsonian Global Volcanism Program,https://volcano.si.edu/volcano.cfm?vn=221020,"{""actor_name"": ""Jebel at Tair"", ""effective_window_end"": ""2007-10-15"", ""effective_window_start"": ""2007-07-14"", ""jurisdiction"": ""Yemen"", ""official_event"": {""actor_name"": ""Jebel at Tair"", ""event_id"": ""ye-jebel-at-tair-2007-09-30"", ""event_start_date"": ""2007-09-30"", ""event_title"": ""Jebel at Tair eruption began"", ""event_type"": ""volcano_eruption_began"", ""jurisdiction"": ""Yemen"", ""location_name"": ""Red Sea, Yemen"", ""source_excerpt"": ""An eruption began on 30 September 2007 at Jebel at Tair and was associated with fatalities."", ""source_name"": ""Smithsonian Global Volcanism Program"", ""source_url"": ""https://volcano.si.edu/volcano.cfm?vn=221020"", ""target_keywords"": [""Jebel at Tair"", ""Jabal al-Tair"", ""Bird Island"", ""Yemen""]}, ""scoped_family"": ""volcano"", ""target_keywords"": [""Jebel at Tair"", ""Jabal al-Tair"", ""Bird Island"", ""Yemen""], ""target_name"": ""Jebel at Tair""}"
22844,453,24,volcano,eligible_prediction,False,2007-07-14,2011-05-08,wiki_first_revision:Future Of Mankind Contact Report 453 first page revision,2,event_precedes_publication,The currently recorded provable public date is later than the observed event date.,"The next extraordinary thing will happen in Burma, where the great mass of all monks will demonstrate against the military junta, joined also by the population.","The next extraordinary thing will happen in Burma, where the great mass of all monks will demonstrate against the military junta, joined also by the population",,,Burma,region,exact_hit,0.695740224475,0.049411932923,0.244997540604,0.009850301998,0.695740224475,stage5_volcano_location_risk_window_v1,provisional volcano null from location-specific at-risk window,"{""baseline_notes"": ""Treat Jebel at Tair's September 2007 eruption as a one-off named-volcano event over the post-prediction window."", ""calibration_window"": {""days"": 79, ""end"": ""2007-09-30"", ""start"": ""2007-07-14""}, ""event_count"": 1, ""lambda"": {""exact"": 1.1898734177215189, ""near_only"": 0.17721518987341772, ""similar_only"": 3.2531645569620253}, ""model"": ""location_risk_window_single_event_v1"", ""probabilities"": {""exact"": 0.6957402244751454, ""miss"": 0.009850301998155094, ""near_only"": 0.049411932922620035, ""similar_only"": 0.24499754060407955}, ""probability_key"": ""jebel_at_tair_eruption_window"", ""rate_per_day"": 0.012658227848101266, ""script_version"": ""stage5_volcano_location_risk_window_v1"", ""window_days"": {""exact"": 94, ""near_only"": 14, ""similar_only"": 257}}",included_in_statistics,Prediction belongs to the scoped volcano slice and has a resolved match outcome.,True,-1316,Exact volcano event found in curated official catalog.,"{""candidate_event_count"": 1, ""exact_candidate_count"": 1, ""log_candidate_count"": 1, ""near_candidate_count"": 0, ""script_version"": ""stage4_volcano_eruption_catalog_v1""}",ye-jebel-at-tair-2007-09-30,Jebel at Tair eruption began,2007-09-30,"Red Sea, Yemen",volcano_eruption_began,0,Smithsonian Global Volcanism Program,https://volcano.si.edu/volcano.cfm?vn=221020,"{""actor_name"": ""Jebel at Tair"", ""effective_window_end"": ""2007-10-15"", ""effective_window_start"": ""2007-07-14"", ""jurisdiction"": ""Yemen"", ""official_event"": {""actor_name"": ""Jebel at Tair"", ""event_id"": ""ye-jebel-at-tair-2007-09-30"", ""event_start_date"": ""2007-09-30"", ""event_title"": ""Jebel at Tair eruption began"", ""event_type"": ""volcano_eruption_began"", ""jurisdiction"": ""Yemen"", ""location_name"": ""Red Sea, Yemen"", ""source_excerpt"": ""An eruption began on 30 September 2007 at Jebel at Tair and was associated with fatalities."", ""source_name"": ""Smithsonian Global Volcanism Program"", ""source_url"": ""https://volcano.si.edu/volcano.cfm?vn=221020"", ""target_keywords"": [""Jebel at Tair"", ""Jabal al-Tair"", ""Bird Island"", ""Yemen""]}, ""scoped_family"": ""volcano"", ""target_keywords"": [""Jebel at Tair"", ""Jabal al-Tair"", ""Bird Island"", ""Yemen""], ""target_name"": ""Jebel at Tair""}"
22880,464,4,volcano,prediction_but_not_meaningful,False,2008-04-30,2016-09-28,wiki_first_revision,2,event_precedes_publication,The currently recorded provable public date is later than the observed event date.,"32 .There is indeed something extraordinary, because in southern Chile the Chaiten volcano will be erupting again in the coming days after 9486 years, causing many humans to flee.","32 .There is indeed something extraordinary, because in southern Chile the Chaiten volcano will be erupting again in the coming days after 9486 years, causing many humans to flee",,,,none,exact_hit,0.930516548777,0.068830059243,0.000653391980,0E-12,0.930516548777,stage5_volcano_location_risk_window_v1,provisional volcano null from location-specific at-risk window,"{""baseline_notes"": ""Treat Chaiten's May 2008 reawakening as a one-off named-volcano event in the immediate post-prediction window."", ""calibration_window"": {""days"": 3, ""end"": ""2008-05-02"", ""start"": ""2008-04-30""}, ""event_count"": 1, ""lambda"": {""exact"": 2.6666666666666665, ""near_only"": 4.666666666666666, ""similar_only"": 114.33333333333333}, ""model"": ""location_risk_window_single_event_v1"", ""probabilities"": {""exact"": 0.9305165487771985, ""miss"": 1.4482316522705262e-53, ""near_only"": 0.06883005924293416, ""similar_only"": 0.0006533919798673813}, ""probability_key"": ""chaiten_eruption_window"", ""rate_per_day"": 0.3333333333333333, ""script_version"": ""stage5_volcano_location_risk_window_v1"", ""window_days"": {""exact"": 8, ""near_only"": 14, ""similar_only"": 343}}",included_in_statistics,Prediction belongs to the scoped volcano slice and has a resolved match outcome.,True,-3071,Exact volcano event found in curated official catalog.,"{""candidate_event_count"": 1, ""exact_candidate_count"": 1, ""log_candidate_count"": 1, ""near_candidate_count"": 0, ""script_version"": ""stage4_volcano_eruption_catalog_v1""}",cl-chaiten-2008-05-02,Chaiten eruption began,2008-05-02,Southern Chile,volcano_eruption_began,0,Smithsonian Global Volcanism Program,https://volcano.si.edu/volcano.cfm?vn=357050,"{""actor_name"": ""Chaiten"", ""effective_window_end"": ""2008-05-07"", ""effective_window_start"": ""2008-04-30"", ""jurisdiction"": ""Chile"", ""official_event"": {""actor_name"": ""Chaiten"", ""event_id"": ""cl-chaiten-2008-05-02"", ""event_start_date"": ""2008-05-02"", ""event_title"": ""Chaiten eruption began"", ""event_type"": ""volcano_eruption_began"", ""jurisdiction"": ""Chile"", ""location_name"": ""Southern Chile"", ""source_excerpt"": ""The eruption began on 2 May 2008 and prompted evacuations."", ""source_name"": ""Smithsonian Global Volcanism Program"", ""source_url"": ""https://volcano.si.edu/volcano.cfm?vn=357050"", ""target_keywords"": [""Chaiten"", ""Chile""]}, ""scoped_family"": ""volcano"", ""target_keywords"": [""Chaiten"", ""Chile""], ""target_name"": ""Chaiten""}"
25042,779,464,volcano,significant_prediction,True,2021-10-06,,claimed_contact_date_only,1,no_public_date_evidence,No provable public date is recorded yet; current evaluation still depends on the claimed contact date fallback.,"However, as I mentioned in my prediction on 7 July, the Hibok-Hibok volcano on the island of Camiguin in the Philippines, for example, will also erupt in 1951, as will the Lamington volcano in Papua New Guinea, which will cost over 6000 human lives.","However, as I mentioned in my prediction on 7 July, the Hibok-Hibok volcano on the island of Camiguin in the Philippines, for example, will also erupt in 1951, as will the Lamington volcano in Papua New Guinea, which will cost over 6000 human lives",2022-07-07,2022-07-07,Papua New Guinea,region,miss,0E-12,0E-12,0E-12,1.000000000000,1.0,stage5_volcano_location_risk_window_v1,provisional volcano null from location-specific at-risk window,"{""baseline_notes"": ""Retired historical Hibok-Hibok/Lamington row because the text is retrospective rather than a replay-ready future eruption claim."", ""calibration_window"": {""days"": 1, ""end"": ""2022-07-07"", ""start"": ""2022-07-07""}, ""event_count"": 0, ""lambda"": {""exact"": 0.0, ""near_only"": 0.0, ""similar_only"": 0.0}, ""model"": ""location_risk_window_single_event_v1"", ""probabilities"": {""exact"": 0.0, ""miss"": 1.0, ""near_only"": 0.0, ""similar_only"": 0.0}, ""probability_key"": ""retired_hibok_hibok_retrospective_row"", ""rate_per_day"": 0.0, ""script_version"": ""stage5_volcano_location_risk_window_v1"", ""window_days"": {""exact"": 1, ""near_only"": 0, ""similar_only"": 29}}",permanently_unresolved,Prediction is retired from the volcano slice because it is a retrospective 1951 eruption reference rather than a future event on the active baseline.,,,No official catalog event matched the scoped volcano prediction.,"{""candidate_event_count"": 0, ""exact_candidate_count"": 0, ""log_candidate_count"": 0, ""near_candidate_count"": 0, ""script_version"": ""stage4_volcano_eruption_catalog_v1""}",,,,,,,,,
