prediction_id,report_number,candidate_seq,bundle_key,bundle_role,bundle_component_seq,bundle_component_count,stage2_label,significant,claimed_contact_date,claim_normalized,source_quote,target_name,target_type,target_lat,target_lon,target_radius_km,magnitude_min,magnitude_max,severity_band,time_window_start,time_window_end,match_status,best_event_ledger_id,external_event_id,event_title,event_start_date,observed_location_name,distance_km,time_delta_days,observed_magnitude_value,review_confidence,review_rationale,observed_source_url,p_exact_under_null,p_near_under_null,p_similar_under_null,p_miss_under_null,observed_probability_under_null,observed_probability_log10,probability_model_version,probability_notes,probability_meta,final_status,final_reason,final_meta,review_meta
6998,136,49,run:6:report:197:bundle:63478:63771,compound_child,2,2,significant_prediction,True,1980-10-14,"namely on the 24th of January 1981, China will also be afflicted by another major earthquake in the territory of the province of Sichuan.","namely on the 24th of January 1981, China will also be afflicted by another major earthquake in the territory of the province of Sichuan",China,country,35.861700,104.195400,1400.00,,,,1981-01-24,1981-01-24,near_hit,852,usp0001bve,"M 6.8 - 131 km NW of Kangding, China",1981-01-23,"131 km NW of Kangding, China",619.39,1,6.80,0.8500,No exact-band event found; best near-band earthquake selected from 1 candidates.,https://earthquake.usgs.gov/earthquakes/eventpage/usp0001bve,0.009972159158,0.009973981356,0.019647528025,0.960406331461,0.009973981356,-2.001131,stage5_earthquake_probability_v1,exclusive Poisson null from calibrated USGS target-band rates,"{""annual_rates"": {""exact"": 3.660613731466653, ""near_only"": 0.26416800123986156, ""similar_only"": 0.5283360024797231}, ""calibration_end"": ""2025-12-31"", ""calibration_start"": ""1973-01-01"", ""calibration_years"": 52.99657768651608, ""event_counts"": {""exact_spatial_mag"": 194, ""log_spatial_only"": 28, ""near_spatial_mag_only"": 14, ""total_candidates"": 236}, ""lambda"": {""exact"": 0.010022214186082555, ""near_only"": 0.010125535981815363, ""similar_only"": 0.020251071963630726}, ""model"": ""poisson_rate_exclusive_bands"", ""probabilities"": {""exact"": 0.009972159157791705, ""miss"": 0.9604063314612413, ""near_only"": 0.009973981355610869, ""similar_only"": 0.019647528025356183}, ""script_version"": ""stage5_earthquake_probability_v1"", ""window_days"": {""exact"": 1, ""near_only"": 14, ""similar_only"": 14}}",included_in_statistics,Prediction has a resolved earthquake match outcome and a complete null-model probability vector.,"{""reason_code"": ""scored_and_probability_ready"", ""script_version"": ""stage7_earthquake_final_v1""}","{""candidate_event_count"": 1, ""exact_candidate_count"": 0, ""log_candidate_count"": 0, ""near_candidate_count"": 1, ""script_version"": ""stage4_earthquake_match_v1"", ""selected_band"": ""near""}"
7108,136,159,,standalone,,,significant_prediction,True,1980-10-14,"Only a month later, on the 28th of July, Iran will once again be shaken by a major quake, again in the region of Kerman, but this time, it will demand 7,200 deaths, while several cities.","Only a month later, on the 28th of July, Iran will once again be shaken by a major quake, again in the region of Kerman, but this time, it will demand 7,200 deaths, while several cities",Iran,country,32.427900,53.688000,900.00,,,,1981-07-28,1981-07-28,exact_hit,854,usp0001ezf,"M 7.1 - 75 km ESE of Kerman, Iran",1981-07-28,"75 km ESE of Kerman, Iran",473.80,0,7.10,0.9500,Exact-band earthquake match selected from 1 candidates.,https://earthquake.usgs.gov/earthquakes/eventpage/usp0001ezf,0.009511740586,0.007137888198,0.004258018549,0.979092352666,0.009511740586,-2.02174,stage5_earthquake_probability_v1,exclusive Poisson null from calibrated USGS target-band rates,"{""annual_rates"": {""exact"": 3.4907914449553132, ""near_only"": 0.18869142945704398, ""similar_only"": 0.11321485767422639}, ""calibration_end"": ""2025-12-31"", ""calibration_start"": ""1973-01-01"", ""calibration_years"": 52.99657768651608, ""event_counts"": {""exact_spatial_mag"": 185, ""log_spatial_only"": 6, ""near_spatial_mag_only"": 10, ""total_candidates"": 201}, ""lambda"": {""exact"": 0.00955726610528491, ""near_only"": 0.007232525701296688, ""similar_only"": 0.004339515420778013}, ""model"": ""poisson_rate_exclusive_bands"", ""probabilities"": {""exact"": 0.009511740586184536, ""miss"": 0.9790923526662667, ""near_only"": 0.00713788819824266, ""similar_only"": 0.0042580185493060465}, ""script_version"": ""stage5_earthquake_probability_v1"", ""window_days"": {""exact"": 1, ""near_only"": 14, ""similar_only"": 14}}",included_in_statistics,Prediction has a resolved earthquake match outcome and a complete null-model probability vector.,"{""reason_code"": ""scored_and_probability_ready"", ""script_version"": ""stage7_earthquake_final_v1""}","{""candidate_event_count"": 3, ""exact_candidate_count"": 1, ""log_candidate_count"": 0, ""near_candidate_count"": 2, ""script_version"": ""stage4_earthquake_match_v1"", ""selected_band"": ""exact""}"
7285,150,74,,standalone,,,significant_prediction,True,1981-10-10,"Approximately on the 15th of August 1982, southern Italy will again be struck by an earthquake, for this part of Italy will not rest for some time.","Approximately on the 15th of August 1982, southern Italy will again be struck by an earthquake, for this part of Italy will not rest for some time",Italy,country,41.871900,12.567400,700.00,,,,1982-08-15,1982-08-15,miss,,,,,,,,,0.8000,"No USGS earthquake events were found within the configured exact, near, or log-only bands.",,0.003815608438,0.007178936998,0.013497759845,0.975507694719,0.975507694719,-0.010769,stage5_earthquake_probability_v1,exclusive Poisson null from calibrated USGS target-band rates,"{""annual_rates"": {""exact"": 1.3963165779821254, ""near_only"": 0.18869142945704398, ""similar_only"": 0.35851371596838355}, ""calibration_end"": ""2025-12-31"", ""calibration_start"": ""1973-01-01"", ""calibration_years"": 52.99657768651608, ""event_counts"": {""exact_spatial_mag"": 74, ""log_spatial_only"": 19, ""near_spatial_mag_only"": 10, ""total_candidates"": 103}, ""lambda"": {""exact"": 0.003822906442113964, ""near_only"": 0.007232525701296688, ""similar_only"": 0.013741798832463709}, ""model"": ""poisson_rate_exclusive_bands"", ""probabilities"": {""exact"": 0.0038156084381054667, ""miss"": 0.9755076947188386, ""near_only"": 0.007178936998214773, ""similar_only"": 0.013497759844841058}, ""script_version"": ""stage5_earthquake_probability_v1"", ""window_days"": {""exact"": 1, ""near_only"": 14, ""similar_only"": 14}}",included_in_statistics,Prediction has a resolved earthquake match outcome and a complete null-model probability vector.,"{""reason_code"": ""scored_and_probability_ready"", ""script_version"": ""stage7_earthquake_final_v1""}","{""candidate_event_count"": 0, ""exact_candidate_count"": 0, ""log_candidate_count"": 0, ""near_candidate_count"": 0, ""reason"": ""no_catalog_events"", ""script_version"": ""stage4_earthquake_match_v1"", ""selected_band"": ""none""}"
8341,235,14,,standalone,,,significant_prediction,True,1990-02-03,"But in the near future, there will be about ninety lives lost in the storms, while many more lives will be lost throughout the year as a result of the other natural events, not to mention the many earthquake deaths, which will cost tens of thousands of lives.","But in the near future, there will be about ninety lives lost in the storms, while many more lives will be lost throughout the year as a result of the other natural events, not to mention the many earthquake deaths, which will cost tens of thousands of lives",,none,,,,,,,1990-02-03,1995-02-03,unresolved,,,,,,,,,0.2500,Prediction could not be scored because the target location remains unresolved.,,,,,,,,stage5_earthquake_probability_v1,target unresolved for probability model,"{""reason"": ""target unresolved for probability model"", ""script_version"": ""stage5_earthquake_probability_v1""}",permanently_unresolved,"The claim aggregates earthquake deaths over a broad future interval without a defensible target region, so it cannot be scored as an atomic measurable earthquake prediction.","{""reason_code"": ""broad_casualty_aggregate_no_target"", ""rule_key"": ""235:14"", ""script_version"": ""stage7_earthquake_final_v1""}","{""candidate_event_count"": 0, ""exact_candidate_count"": 0, ""log_candidate_count"": 0, ""near_candidate_count"": 0, ""reason"": ""unresolved_target"", ""script_version"": ""stage4_earthquake_match_v1"", ""selected_band"": ""none""}"
8374,238,16,,standalone,,,significant_prediction,True,1991-05-18,A major earthquake will soon occur again in Georgia.,A major earthquake will soon occur again in Georgia,Georgia,country,42.315400,43.356900,250.00,,,,1991-05-18,1993-05-18,exact_hit,861,usp0004sxm,"M 6.3 - 9 km NE of Java, Georgia",1991-06-15,"9 km NE of Java, Georgia",55.95,0,6.30,0.9500,Exact-band earthquake match selected from 2 candidates.,https://earthquake.usgs.gov/earthquakes/eventpage/usp0004sxm,0.493729410255,0.054296905708,0.016772602912,0.435201081125,0.493729410255,-0.306511,stage5_earthquake_probability_v1,exclusive Poisson null from calibrated USGS target-band rates,"{""annual_rates"": {""exact"": 0.33964457302267914, ""near_only"": 0.11321485767422639, ""similar_only"": 0.03773828589140879}, ""calibration_end"": ""2025-12-31"", ""calibration_start"": ""1973-01-01"", ""calibration_years"": 52.99657768651608, ""event_counts"": {""exact_spatial_mag"": 18, ""log_spatial_only"": 2, ""near_spatial_mag_only"": 6, ""total_candidates"": 27}, ""lambda"": {""exact"": 0.6806839902877512, ""near_only"": 0.1134473317146252, ""similar_only"": 0.0378157772382084}, ""model"": ""poisson_rate_exclusive_bands"", ""probabilities"": {""exact"": 0.49372941025527883, ""miss"": 0.4352010811251043, ""near_only"": 0.05429690570793516, ""similar_only"": 0.016772602911681703}, ""script_version"": ""stage5_earthquake_probability_v1"", ""window_days"": {""exact"": 732, ""near_only"": 366, ""similar_only"": 366}}",included_in_statistics,Prediction has a resolved earthquake match outcome and a complete null-model probability vector.,"{""reason_code"": ""scored_and_probability_ready"", ""script_version"": ""stage7_earthquake_final_v1""}","{""candidate_event_count"": 7, ""exact_candidate_count"": 2, ""log_candidate_count"": 0, ""near_candidate_count"": 5, ""script_version"": ""stage4_earthquake_match_v1"", ""selected_band"": ""exact""}"
8557,238,199,,standalone,,,significant_prediction,True,1991-05-18,It will be the same again next year when the severe earthquake demands its tributes.,It will be the same again next year when the severe earthquake demands its tributes,"Erzincan Province, Turkey",region,39.749700,39.491400,180.00,,,severe,1992-01-01,1992-12-31,exact_hit,863,usp000547c,"M 6.7 - 8 km W of Cimin, Turkey",1992-03-13,"8 km W of Cimin, Turkey",10.67,0,6.70,0.9500,Exact-band earthquake match selected from 1 candidates.,https://earthquake.usgs.gov/earthquakes/eventpage/usp000547c,0.123970243779,0.008287740613,0.024395741423,0.843346274185,0.123970243779,-0.906683,stage5_earthquake_probability_v1,exclusive Poisson null from calibrated USGS target-band rates,"{""annual_rates"": {""exact"": 0.13208400061993078, ""near_only"": 0.018869142945704395, ""similar_only"": 0.05660742883711319}, ""calibration_end"": ""2025-12-31"", ""calibration_start"": ""1973-01-01"", ""calibration_years"": 52.99657768651608, ""event_counts"": {""exact_spatial_mag"": 7, ""log_spatial_only"": 3, ""near_spatial_mag_only"": 1, ""total_candidates"": 11}, ""lambda"": {""exact"": 0.1323552203337294, ""near_only"": 0.009505605207418503, ""similar_only"": 0.028516815622255515}, ""model"": ""poisson_rate_exclusive_bands"", ""probabilities"": {""exact"": 0.12397024377890131, ""miss"": 0.8433462741846709, ""near_only"": 0.008287740613226914, ""similar_only"": 0.02439574142320101}, ""script_version"": ""stage5_earthquake_probability_v1"", ""window_days"": {""exact"": 366, ""near_only"": 184, ""similar_only"": 184}}",included_in_statistics,Prediction has a resolved earthquake match outcome and a complete null-model probability vector.,"{""reason_code"": ""scored_and_probability_ready"", ""script_version"": ""stage7_earthquake_final_v1""}","{""candidate_event_count"": 1, ""exact_candidate_count"": 1, ""log_candidate_count"": 0, ""near_candidate_count"": 0, ""script_version"": ""stage4_earthquake_match_v1"", ""selected_band"": ""exact""}"
8540,238,182,,standalone,,,significant_prediction,True,1991-05-18,"I just want to tell you that a stronger quake on the 2nd of February 1992, will not be very significant.","I just want to tell you that a stronger quake on the 2nd of February 1992, will not be very significant",Tokyo,region,35.676200,139.650300,120.00,,,strong,1992-02-02,1992-02-02,near_hit,864,usp00052gf,"M 5.8 - 4 km SSE of Miura, Japan",1992-02-01,"4 km SSE of Miura, Japan",63.41,1,5.80,0.8500,No exact-band event found; best near-band earthquake selected from 1 candidates.,https://earthquake.usgs.gov/earthquakes/eventpage/usp00052gf,0.003506777897,0.051930920077,0.079773918066,0.864788383961,0.051930920077,-1.284574,stage5_earthquake_probability_v1,exclusive Poisson null from calibrated USGS target-band rates,"{""annual_rates"": {""exact"": 1.283101720307899, ""near_only"": 1.3963165779821254, ""similar_only"": 2.3020354393759366}, ""calibration_end"": ""2025-12-31"", ""calibration_start"": ""1973-01-01"", ""calibration_years"": 52.99657768651608, ""event_counts"": {""exact_spatial_mag"": 68, ""log_spatial_only"": 122, ""near_spatial_mag_only"": 74, ""total_candidates"": 264}, ""lambda"": {""exact"": 0.0035129410549155343, ""near_only"": 0.053520690189595495, ""similar_only"": 0.0882368135558196}, ""model"": ""poisson_rate_exclusive_bands"", ""probabilities"": {""exact"": 0.0035067778965374163, ""miss"": 0.8647883839605818, ""near_only"": 0.05193092007685913, ""similar_only"": 0.07977391806602165}, ""script_version"": ""stage5_earthquake_probability_v1"", ""window_days"": {""exact"": 1, ""near_only"": 14, ""similar_only"": 14}}",included_in_statistics,Prediction has a resolved earthquake match outcome and a complete null-model probability vector.,"{""reason_code"": ""scored_and_probability_ready"", ""script_version"": ""stage7_earthquake_final_v1""}","{""candidate_event_count"": 1, ""exact_candidate_count"": 0, ""log_candidate_count"": 0, ""near_candidate_count"": 1, ""script_version"": ""stage4_earthquake_match_v1"", ""selected_band"": ""near""}"
8627,242,1,,standalone,,,significant_prediction,True,1992-04-24,"With smaller quakes, however, things will be different, because already on the 8th of May another one of these will occur, which will have to be calculated at a magnitude of about 5.5, if, according to the Richter scale ….","With smaller quakes, however, things will be different, because already on the 8th of May another one of these will occur, which will have to be calculated at a magnitude of about 5.5, if, according to the Richter scale …","Grisons-Rhine Region, Switzerland",region,46.818200,8.227500,140.00,5.50,5.50,,1992-05-08,1992-05-08,miss,,,,,,,,,0.8000,"No USGS earthquake events were found within the configured exact, near, or log-only bands.",,0.000051659563,0.020046360567,0.010573291974,0.969328687895,0.969328687895,-0.013529,stage5_earthquake_probability_v1,exclusive Poisson null from calibrated USGS target-band rates,"{""annual_rates"": {""exact"": 0.018869142945704395, ""near_only"": 0.5283360024797231, ""similar_only"": 0.28303714418556597}, ""calibration_end"": ""2025-12-31"", ""calibration_start"": ""1973-01-01"", ""calibration_years"": 52.99657768651608, ""event_counts"": {""exact_spatial_mag"": 1, ""log_spatial_only"": 15, ""near_spatial_mag_only"": 28, ""total_candidates"": 44}, ""lambda"": {""exact"": 5.166089786640491e-05, ""near_only"": 0.020251071963630726, ""similar_only"": 0.010848788551945033}, ""model"": ""poisson_rate_exclusive_bands"", ""probabilities"": {""exact"": 5.165956346520062e-05, ""miss"": 0.9693286878953019, ""near_only"": 0.020046360567292774, ""similar_only"": 0.01057329197394006}, ""script_version"": ""stage5_earthquake_probability_v1"", ""window_days"": {""exact"": 1, ""near_only"": 14, ""similar_only"": 14}}",included_in_statistics,Prediction has a resolved earthquake match outcome and a complete null-model probability vector.,"{""reason_code"": ""scored_and_probability_ready"", ""script_version"": ""stage7_earthquake_final_v1""}","{""candidate_event_count"": 0, ""exact_candidate_count"": 0, ""log_candidate_count"": 0, ""near_candidate_count"": 0, ""reason"": ""no_catalog_events"", ""script_version"": ""stage4_earthquake_match_v1"", ""selected_band"": ""none""}"
8667,246,20,,standalone,,,significant_prediction,True,1993-06-19,"Storm surges will also be devastating, usually triggered by earthquakes or seaquakes, as will be the case in Japan when an earthquake measuring approximately 7.6 to 7.9 on the Richter scale will shake the land and sea near Hokkaido on the 12th of July, killing some 300 human lives.","Storm surges will also be devastating, usually triggered by earthquakes or seaquakes, as will be the case in Japan when an earthquake measuring approximately 7.6 to 7.9 on the Richter scale will shake the land and sea near Hokkaido on the 12th of July, killing some 300 human lives",Japan,country,36.204800,138.252900,1200.00,,,devastating,1993-07-12,1993-07-12,exact_hit,865,usp0005w12,"M 7.7 - 107 km W of Iwanai, Japan",1993-07-12,"107 km W of Iwanai, Japan",743.43,0,7.70,0.9500,Exact-band earthquake match selected from 1 candidates.,https://earthquake.usgs.gov/earthquakes/eventpage/usp0005w12,0.000671366205,0.104037193708,0.003876713398,0.891414726689,0.000671366205,-3.173041,stage5_earthquake_probability_v1,exclusive Poisson null from calibrated USGS target-band rates,"{""annual_rates"": {""exact"": 0.24529885829415715, ""near_only"": 2.8681097277470684, ""similar_only"": 0.11321485767422639}, ""calibration_end"": ""2025-12-31"", ""calibration_start"": ""1973-01-01"", ""calibration_years"": 52.99657768651608, ""event_counts"": {""exact_spatial_mag"": 13, ""log_spatial_only"": 6, ""near_spatial_mag_only"": 152, ""total_candidates"": 171}, ""lambda"": {""exact"": 0.000671591672263264, ""near_only"": 0.10993439065970967, ""similar_only"": 0.004339515420778013}, ""model"": ""poisson_rate_exclusive_bands"", ""probabilities"": {""exact"": 0.0006713662050529257, ""miss"": 0.8914147266887193, ""near_only"": 0.10403719370832523, ""similar_only"": 0.00387671339790245}, ""script_version"": ""stage5_earthquake_probability_v1"", ""window_days"": {""exact"": 1, ""near_only"": 14, ""similar_only"": 14}}",included_in_statistics,Prediction has a resolved earthquake match outcome and a complete null-model probability vector.,"{""reason_code"": ""scored_and_probability_ready"", ""script_version"": ""stage7_earthquake_final_v1""}","{""candidate_event_count"": 1, ""exact_candidate_count"": 1, ""log_candidate_count"": 0, ""near_candidate_count"": 0, ""script_version"": ""stage4_earthquake_match_v1"", ""selected_band"": ""exact""}"
9158,367,4,,standalone,,,significant_prediction,True,2004-09-09,"As soon as the quake is over, the next one will follow in the Nagaoka area with a magnitude of 6.0, followed by another one in November, which will be followed by others.","As soon as the quake is over, the next one will follow in the Nagaoka area with a magnitude of 6.0, followed by another one in November, which will be followed by others",Japan,country,36.204800,138.252900,1200.00,,,,2004-09-09,2006-09-09,exact_hit,925,usp000d6w3,"M 5.6 - 6 km NNW of T?kamachi, Japan",2004-10-23,"6 km NNW of T?kamachi, Japan",118.32,0,5.60,0.9500,Exact-band earthquake match selected from 75 candidates.,https://earthquake.usgs.gov/earthquakes/eventpage/usp000d6w3,1.000000000000,0E-12,0E-12,0E-12,1.0,0.0,stage5_earthquake_probability_v1,exclusive Poisson null from calibrated USGS target-band rates,"{""annual_rates"": {""exact"": 32.379449294828746, ""near_only"": 1.0189337190680374, ""similar_only"": 1.0378028620137418}, ""calibration_end"": ""2025-12-31"", ""calibration_start"": ""1973-01-01"", ""calibration_years"": 52.99657768651608, ""event_counts"": {""exact_spatial_mag"": 1716, ""log_spatial_only"": 55, ""near_spatial_mag_only"": 54, ""total_candidates"": 1826}, ""lambda"": {""exact"": 64.80322364002687, ""near_only"": 1.0210259854316268, ""similar_only"": 1.039933874050731}, ""model"": ""poisson_rate_exclusive_bands"", ""probabilities"": {""exact"": 1.0, ""miss"": 9.146481687471628e-30, ""near_only"": 4.5956264172483424e-29, ""similar_only"": 1.6729188814329413e-29}, ""script_version"": ""stage5_earthquake_probability_v1"", ""window_days"": {""exact"": 731, ""near_only"": 366, ""similar_only"": 366}}",included_in_statistics,Prediction has a resolved earthquake match outcome and a complete null-model probability vector.,"{""reason_code"": ""scored_and_probability_ready"", ""script_version"": ""stage7_earthquake_final_v1""}","{""candidate_event_count"": 157, ""exact_candidate_count"": 75, ""log_candidate_count"": 51, ""near_candidate_count"": 31, ""script_version"": ""stage4_earthquake_match_v1"", ""selected_band"": ""exact""}"
9220,369,31,,standalone,,,eligible_prediction,False,2004-11-12,"Unfortunately, the brute force of the two seaquakes will lead to further quakes, because every seaquake and landquake always causes further quakes worldwide as a chain reaction, especially when such large quakes occur as will be the case in the Indian Ocean on the 26th of December.","Unfortunately, the brute force of the two seaquakes will lead to further quakes, because every seaquake and landquake always causes further quakes worldwide as a chain reaction, especially when such large quakes occur as will be the case in the Indian Ocean on the 26th of December",India,country,20.593700,78.962900,900.00,,,,2004-12-26,2004-12-26,miss,,,,,,,,,0.8000,"No USGS earthquake events were found within the configured exact, near, or log-only bands.",,0.000258271132,0.002166845709,0.004319612298,0.993255270861,0.993255270861,-0.002939,stage5_earthquake_probability_v1,exclusive Poisson null from calibrated USGS target-band rates,"{""annual_rates"": {""exact"": 0.09434571472852199, ""near_only"": 0.05660742883711319, ""similar_only"": 0.11321485767422639}, ""calibration_end"": ""2025-12-31"", ""calibration_start"": ""1973-01-01"", ""calibration_years"": 52.99657768651608, ""event_counts"": {""exact_spatial_mag"": 5, ""log_spatial_only"": 6, ""near_spatial_mag_only"": 3, ""total_candidates"": 14}, ""lambda"": {""exact"": 0.0002583044893320246, ""near_only"": 0.0021697577103890063, ""similar_only"": 0.004339515420778013}, ""model"": ""poisson_rate_exclusive_bands"", ""probabilities"": {""exact"": 0.0002582711315995967, ""miss"": 0.9932552708609133, ""near_only"": 0.002166845709418851, ""similar_only"": 0.004319612298068238}, ""script_version"": ""stage5_earthquake_probability_v1"", ""window_days"": {""exact"": 1, ""near_only"": 14, ""similar_only"": 14}}",included_in_statistics,Prediction has a resolved earthquake match outcome and a complete null-model probability vector.,"{""reason_code"": ""scored_and_probability_ready"", ""script_version"": ""stage7_earthquake_final_v1""}","{""candidate_event_count"": 0, ""exact_candidate_count"": 0, ""log_candidate_count"": 0, ""near_candidate_count"": 0, ""reason"": ""no_catalog_events"", ""script_version"": ""stage4_earthquake_match_v1"", ""selected_band"": ""none""}"
9290,383,2,run:6:report:444:bundle:661:865,compound_child,1,2,significant_prediction,True,2005-03-17,Japan will be hit by a 7.0 magnitude earthquake on the 20th of March.,Japan will be hit by a 7.0 magnitude earthquake on the 20th of March,Japan,country,36.204800,138.252900,1200.00,,,,2005-03-20,2005-03-20,exact_hit,1024,usp000djku,"M 6.6 - 28 km NNW of Maebaru-ch??, Japan",2005-03-20,"28 km NNW of Maebaru-ch??, Japan",786.00,0,6.60,0.9500,Exact-band earthquake match selected from 1 candidates.,https://earthquake.usgs.gov/earthquakes/eventpage/usp000djku,0.084834266627,0.035053410059,0.034322707085,0.845789616229,0.084834266627,-1.071429,stage5_earthquake_probability_v1,exclusive Poisson null from calibrated USGS target-band rates,"{""annual_rates"": {""exact"": 32.379449294828746, ""near_only"": 1.0189337190680374, ""similar_only"": 1.0378028620137418}, ""calibration_end"": ""2025-12-31"", ""calibration_start"": ""1973-01-01"", ""calibration_years"": 52.99657768651608, ""event_counts"": {""exact_spatial_mag"": 1716, ""log_spatial_only"": 55, ""near_spatial_mag_only"": 54, ""total_candidates"": 1826}, ""lambda"": {""exact"": 0.08865010073875085, ""near_only"": 0.03905563878700211, ""similar_only"": 0.039778891357131786}, ""model"": ""poisson_rate_exclusive_bands"", ""probabilities"": {""exact"": 0.08483426662662508, ""miss"": 0.8457896162286195, ""near_only"": 0.03505341005946755, ""similar_only"": 0.03432270708528788}, ""script_version"": ""stage5_earthquake_probability_v1"", ""window_days"": {""exact"": 1, ""near_only"": 14, ""similar_only"": 14}}",included_in_statistics,Prediction has a resolved earthquake match outcome and a complete null-model probability vector.,"{""reason_code"": ""scored_and_probability_ready"", ""script_version"": ""stage7_earthquake_final_v1""}","{""candidate_event_count"": 2, ""exact_candidate_count"": 1, ""log_candidate_count"": 1, ""near_candidate_count"": 0, ""script_version"": ""stage4_earthquake_match_v1"", ""selected_band"": ""exact""}"
9291,383,3,run:6:report:444:bundle:661:865,compound_child,2,2,significant_prediction,True,2005-03-17,"the Indian Ocean, off Sumatra, near the island of Nias, a new seaquake will occur on the 28th of March, with a magnitude of 8.7.","the Indian Ocean, off Sumatra, near the island of Nias, a new seaquake will occur on the 28th of March, with a magnitude of 8.7",Sumatra,region,-0.589700,101.343100,650.00,,,,2005-03-28,2005-03-28,exact_hit,1030,usp000dk9n,"M 6.1 - 136 km SW of Sibolga, Indonesia",2005-03-28,"136 km SW of Sibolga, Indonesia",421.53,0,6.10,0.9500,Exact-band earthquake match selected from 7 candidates.,https://earthquake.usgs.gov/earthquakes/eventpage/usp000dk9n,0.021969267955,0.030633963313,0.027015619391,0.920381149340,0.021969267955,-1.658184,stage5_earthquake_probability_v1,exclusive Poisson null from calibrated USGS target-band rates,"{""annual_rates"": {""exact"": 8.11373146665289, ""near_only"": 0.8302422896109934, ""similar_only"": 0.7547657178281759}, ""calibration_end"": ""2025-12-31"", ""calibration_start"": ""1973-01-01"", ""calibration_years"": 52.99657768651608, ""event_counts"": {""exact_spatial_mag"": 430, ""log_spatial_only"": 40, ""near_spatial_mag_only"": 44, ""total_candidates"": 514}, ""lambda"": {""exact"": 0.022214186082554113, ""near_only"": 0.03182311308570543, ""similar_only"": 0.028930102805186753}, ""model"": ""poisson_rate_exclusive_bands"", ""probabilities"": {""exact"": 0.021969267955417315, ""miss"": 0.9203811493402628, ""near_only"": 0.03063396331330045, ""similar_only"": 0.027015619391019347}, ""script_version"": ""stage5_earthquake_probability_v1"", ""window_days"": {""exact"": 1, ""near_only"": 14, ""similar_only"": 14}}",included_in_statistics,Prediction has a resolved earthquake match outcome and a complete null-model probability vector.,"{""reason_code"": ""scored_and_probability_ready"", ""script_version"": ""stage7_earthquake_final_v1""}","{""candidate_event_count"": 30, ""exact_candidate_count"": 7, ""log_candidate_count"": 13, ""near_candidate_count"": 10, ""script_version"": ""stage4_earthquake_match_v1"", ""selected_band"": ""exact""}"
9311,383,23,,standalone,,,significant_prediction,True,2005-03-17,"On the 10th of April there is a new seaquake off Sumatra with a magnitude of 6.8, after which on the 11th of April the volcano Talang begins to erupt, which will be directly related to the seaquakes off Sumatra.","On the 10th of April there is a new seaquake off Sumatra with a magnitude of 6.8, after which on the 11th of April the volcano Talang begins to erupt, which will be directly related to the seaquakes off Sumatra",Sumatra,region,,,,,,,2005-04-10,2005-04-10,unresolved,,,,,,,,,0.2500,Prediction could not be scored because the target location remains unresolved.,,,,,,,,stage5_earthquake_probability_v1,target unresolved for probability model,"{""reason"": ""target unresolved for probability model"", ""script_version"": ""stage5_earthquake_probability_v1""}",excluded_from_statistics,"The source sentence still combines a Sumatra seaquake with the Talang eruption in one unresolved compound remainder, so it should not remain in the atomic earthquake statistics set.","{""reason_code"": ""compound_remainder_requires_atomic_split"", ""rule_key"": ""383:23"", ""script_version"": ""stage7_earthquake_final_v1""}","{""candidate_event_count"": 0, ""exact_candidate_count"": 0, ""log_candidate_count"": 0, ""near_candidate_count"": 0, ""reason"": ""unresolved_target"", ""script_version"": ""stage4_earthquake_match_v1"", ""selected_band"": ""none""}"
9313,383,25,run:6:report:444:bundle:15420:15570,compound_child,1,2,significant_prediction,True,2005-03-17,There will also be a new earthquake in Japan on the 11th of April.,There will also be a new earthquake in Japan on the 11th of April,Japan,country,36.204800,138.252900,1200.00,,,,2005-04-11,2005-04-11,near_hit,1055,usp000dmzd,"M 5.9 - near the east coast of Honshu, Japan",2005-04-10,"near the east coast of Honshu, Japan",204.68,1,5.90,0.8500,No exact-band event found; best near-band earthquake selected from 1 candidates.,https://earthquake.usgs.gov/earthquakes/eventpage/usp000dmzd,0.084834266627,0.035053410059,0.034322707085,0.845789616229,0.035053410059,-1.45527,stage5_earthquake_probability_v1,exclusive Poisson null from calibrated USGS target-band rates,"{""annual_rates"": {""exact"": 32.379449294828746, ""near_only"": 1.0189337190680374, ""similar_only"": 1.0378028620137418}, ""calibration_end"": ""2025-12-31"", ""calibration_start"": ""1973-01-01"", ""calibration_years"": 52.99657768651608, ""event_counts"": {""exact_spatial_mag"": 1716, ""log_spatial_only"": 55, ""near_spatial_mag_only"": 54, ""total_candidates"": 1826}, ""lambda"": {""exact"": 0.08865010073875085, ""near_only"": 0.03905563878700211, ""similar_only"": 0.039778891357131786}, ""model"": ""poisson_rate_exclusive_bands"", ""probabilities"": {""exact"": 0.08483426662662508, ""miss"": 0.8457896162286195, ""near_only"": 0.03505341005946755, ""similar_only"": 0.03432270708528788}, ""script_version"": ""stage5_earthquake_probability_v1"", ""window_days"": {""exact"": 1, ""near_only"": 14, ""similar_only"": 14}}",included_in_statistics,Prediction has a resolved earthquake match outcome and a complete null-model probability vector.,"{""reason_code"": ""scored_and_probability_ready"", ""script_version"": ""stage7_earthquake_final_v1""}","{""candidate_event_count"": 3, ""exact_candidate_count"": 0, ""log_candidate_count"": 2, ""near_candidate_count"": 1, ""script_version"": ""stage4_earthquake_match_v1"", ""selected_band"": ""near""}"
9314,383,26,run:6:report:444:bundle:15420:15570,compound_child,2,2,significant_prediction,True,2005-03-17,a seaquake of magnitude 6.6 on the 12th of April in the Loyalty Islands.,a seaquake of magnitude 6.6 on the 12th of April in the Loyalty Islands,Loyalty Islands,region,-21.500000,167.500000,250.00,6.60,6.60,,2005-04-12,2005-04-12,near_hit,1058,usp000dmmg,"M 6.1 - 189 km ESE of Vao, New Caledonia",2005-04-08,"189 km ESE of Vao, New Caledonia",257.63,4,6.10,0.8500,No exact-band event found; best near-band earthquake selected from 1 candidates.,https://earthquake.usgs.gov/earthquakes/eventpage/usp000dmmg,0.003249345977,0.139213841796,0.051713593538,0.805823218689,0.139213841796,-0.856318,stage5_earthquake_probability_v1,exclusive Poisson null from calibrated USGS target-band rates,"{""annual_rates"": {""exact"": 1.188756005579377, ""near_only"": 3.9247817327065144, ""similar_only"": 1.622746293330578}, ""calibration_end"": ""2025-12-31"", ""calibration_start"": ""1973-01-01"", ""calibration_years"": 52.99657768651608, ""event_counts"": {""exact_spatial_mag"": 63, ""log_spatial_only"": 86, ""near_spatial_mag_only"": 208, ""total_candidates"": 358}, ""lambda"": {""exact"": 0.00325463656558351, ""near_only"": 0.15043653458697112, ""similar_only"": 0.06219972103115152}, ""model"": ""poisson_rate_exclusive_bands"", ""probabilities"": {""exact"": 0.0032493459772002797, ""miss"": 0.8058232186888966, ""near_only"": 0.1392138417956677, ""similar_only"": 0.05171359353823542}, ""script_version"": ""stage5_earthquake_probability_v1"", ""window_days"": {""exact"": 1, ""near_only"": 14, ""similar_only"": 14}}",included_in_statistics,Prediction has a resolved earthquake match outcome and a complete null-model probability vector.,"{""reason_code"": ""scored_and_probability_ready"", ""script_version"": ""stage7_earthquake_final_v1""}","{""candidate_event_count"": 2, ""exact_candidate_count"": 0, ""log_candidate_count"": 1, ""near_candidate_count"": 1, ""script_version"": ""stage4_earthquake_match_v1"", ""selected_band"": ""near""}"
9405,400,16,,standalone,,,significant_prediction,True,2005-09-25,"This inevitably leads to the fact that sooner or later, in days, weeks, months or even years later, new earthquakes will arise from them, whereby as a rule a very strong earthquake or seaquake somewhere in the world will in turn cause a very strong earthquake or seaquake.","This inevitably leads to the fact that sooner or later, in days, weeks, months or even years later, new earthquakes will arise from them, whereby as a rule a very strong earthquake or seaquake somewhere in the world will in turn cause a very strong earthquake or seaquake",,none,,,,,,strong,2005-09-25,2007-09-25,unresolved,,,,,,,,,0.2500,Prediction could not be scored because the target location remains unresolved.,,,,,,,,stage5_earthquake_probability_v1,target unresolved for probability model,"{""reason"": ""target unresolved for probability model"", ""script_version"": ""stage5_earthquake_probability_v1""}",excluded_from_statistics,"This is a world-scope cascading-rule claim rather than a bounded atomic event prediction, so it should be excluded from the earthquake statistical cohort.","{""reason_code"": ""world_scope_rule_claim"", ""rule_key"": ""400:16"", ""script_version"": ""stage7_earthquake_final_v1""}","{""candidate_event_count"": 0, ""exact_candidate_count"": 0, ""log_candidate_count"": 0, ""near_candidate_count"": 0, ""reason"": ""unresolved_target"", ""script_version"": ""stage4_earthquake_match_v1"", ""selected_band"": ""none""}"
9411,401,4,run:6:report:462:bundle:3567:3724,compound_child,2,2,significant_prediction,True,2005-10-15,a seaquake of magnitude 6.5 off the coast of Ibaraki in Japan on the 19th of October.,a seaquake of magnitude 6.5 off the coast of Ibaraki in Japan on the 19th of October,Japan,country,36.204800,138.252900,1200.00,6.50,6.50,,2005-10-19,2005-10-19,exact_hit,1060,usp000e287,"M 6.3 - 25 km ENE of ?arai, Japan",2005-10-19,"25 km ENE of ?arai, Japan",232.80,0,6.30,0.9500,Exact-band earthquake match selected from 1 candidates.,https://earthquake.usgs.gov/earthquakes/eventpage/usp000e287,0.025147228180,0.584374644737,0.018470620550,0.372007506533,0.02514722818,-1.59951,stage5_earthquake_probability_v1,exclusive Poisson null from calibrated USGS target-band rates,"{""annual_rates"": {""exact"": 9.302487472232267, ""near_only"": 23.869465826316063, ""similar_only"": 1.2642325773621945}, ""calibration_end"": ""2025-12-31"", ""calibration_start"": ""1973-01-01"", ""calibration_years"": 52.99657768651608, ""event_counts"": {""exact_spatial_mag"": 493, ""log_spatial_only"": 67, ""near_spatial_mag_only"": 1265, ""total_candidates"": 1826}, ""lambda"": {""exact"": 0.025468822648137622, ""near_only"": 0.9149145012140311, ""similar_only"": 0.04845792219868781}, ""model"": ""poisson_rate_exclusive_bands"", ""probabilities"": {""exact"": 0.025147228180164682, ""miss"": 0.3720075065328414, ""near_only"": 0.584374644736624, ""similar_only"": 0.018470620550369733}, ""script_version"": ""stage5_earthquake_probability_v1"", ""window_days"": {""exact"": 1, ""near_only"": 14, ""similar_only"": 14}}",included_in_statistics,Prediction has a resolved earthquake match outcome and a complete null-model probability vector.,"{""reason_code"": ""scored_and_probability_ready"", ""script_version"": ""stage7_earthquake_final_v1""}","{""candidate_event_count"": 3, ""exact_candidate_count"": 1, ""log_candidate_count"": 0, ""near_candidate_count"": 2, ""script_version"": ""stage4_earthquake_match_v1"", ""selected_band"": ""exact""}"
9418,401,11,,standalone,,,significant_prediction,True,2005-10-15,"Two further seaquakes will also occur in the Ionian Sea, on the 19th of October near the island of Zákynthos, with a magnitude of 6 on the Richter scale, and another one in the northwest off Greece, also in the Ionian Sea, this second seaquake having a magnitude of 4.9.","Two further seaquakes will also occur in the Ionian Sea, on the 19th of October near the island of Zákynthos, with a magnitude of 6 on the Richter scale, and another one in the northwest off Greece, also in the Ionian Sea, this second seaquake having a magnitude of 4.9",Greece,country,39.074200,21.824300,350.00,,,,2005-10-19,2005-10-19,near_hit,1065,usp000e25a,"M 5.7 - 13 km SE of Lithakiá, Greece",2005-10-18,"13 km SE of Lithakiá, Greece",179.78,1,5.70,0.8500,No exact-band event found; best near-band earthquake selected from 1 candidates.,https://earthquake.usgs.gov/earthquakes/eventpage/usp000e25a,0.005717949605,0.006451034884,0.008536318779,0.979294696732,0.006451034884,-2.190371,stage5_earthquake_probability_v1,exclusive Poisson null from calibrated USGS target-band rates,"{""annual_rates"": {""exact"": 2.094474866973188, ""near_only"": 0.16982228651133957, ""similar_only"": 0.22642971534845277}, ""calibration_end"": ""2025-12-31"", ""calibration_start"": ""1973-01-01"", ""calibration_years"": 52.99657768651608, ""event_counts"": {""exact_spatial_mag"": 111, ""log_spatial_only"": 12, ""near_spatial_mag_only"": 9, ""total_candidates"": 132}, ""lambda"": {""exact"": 0.005734359663170946, ""near_only"": 0.006509273131167019, ""similar_only"": 0.008679030841556025}, ""model"": ""poisson_rate_exclusive_bands"", ""probabilities"": {""exact"": 0.005717949604839956, ""miss"": 0.9792946967322304, ""near_only"": 0.006451034883565789, ""similar_only"": 0.008536318779363897}, ""script_version"": ""stage5_earthquake_probability_v1"", ""window_days"": {""exact"": 1, ""near_only"": 14, ""similar_only"": 14}}",included_in_statistics,Prediction has a resolved earthquake match outcome and a complete null-model probability vector.,"{""reason_code"": ""scored_and_probability_ready"", ""script_version"": ""stage7_earthquake_final_v1""}","{""candidate_event_count"": 4, ""exact_candidate_count"": 0, ""log_candidate_count"": 3, ""near_candidate_count"": 1, ""script_version"": ""stage4_earthquake_match_v1"", ""selected_band"": ""near""}"
9434,402,2,run:6:report:463:bundle:2532:2758,compound_child,1,2,significant_prediction,True,2005-10-29,"on the 15th of November a more severe seaquake will occur in the sea in northern Japan, with a magnitude of 7.3.","on the 15th of November a more severe seaquake will occur in the sea in northern Japan, with a magnitude of 7.3",Japan,country,36.204800,138.252900,1200.00,,,severe,2005-11-15,2005-11-15,near_hit,1067,usp000e462,"M 7.0 - 293 km ESE of Kamaishi, Japan",2005-11-14,"293 km ESE of Kamaishi, Japan",625.38,1,7.00,0.8500,No exact-band event found; best near-band earthquake selected from 2 candidates.,https://earthquake.usgs.gov/earthquakes/eventpage/usp000e462,0.027159619005,0.013277141971,0.011725877565,0.947837361459,0.013277141971,-1.876895,stage5_earthquake_probability_v1,exclusive Poisson null from calibrated USGS target-band rates,"{""annual_rates"": {""exact"": 10.057253190060443, ""near_only"": 0.35851371596838355, ""similar_only"": 0.32077543007697473}, ""calibration_end"": ""2025-12-31"", ""calibration_start"": ""1973-01-01"", ""calibration_years"": 52.99657768651608, ""event_counts"": {""exact_spatial_mag"": 533, ""log_spatial_only"": 17, ""near_spatial_mag_only"": 19, ""total_candidates"": 569}, ""lambda"": {""exact"": 0.027535258562793822, ""near_only"": 0.013741798832463709, ""similar_only"": 0.012295293692204369}, ""model"": ""poisson_rate_exclusive_bands"", ""probabilities"": {""exact"": 0.027159619004915925, ""miss"": 0.9478373614590921, ""near_only"": 0.013277141970696621, ""similar_only"": 0.011725877565295306}, ""script_version"": ""stage5_earthquake_probability_v1"", ""window_days"": {""exact"": 1, ""near_only"": 14, ""similar_only"": 14}}",included_in_statistics,Prediction has a resolved earthquake match outcome and a complete null-model probability vector.,"{""reason_code"": ""scored_and_probability_ready"", ""script_version"": ""stage7_earthquake_final_v1""}","{""candidate_event_count"": 2, ""exact_candidate_count"": 0, ""log_candidate_count"": 0, ""near_candidate_count"": 2, ""script_version"": ""stage4_earthquake_match_v1"", ""selected_band"": ""near""}"
9439,402,7,,standalone,,,significant_prediction,True,2005-10-29,"on the 19th of November there will be another seaquake near Simelue Island about 200 kilometres off Sumatra, which will have a magnitude of 6.6.","on the 19th of November there will be another seaquake near Simelue Island about 200 kilometres off Sumatra, which will have a magnitude of 6.6",Simelue Island,point,2.616700,96.083300,120.00,,,,2005-11-19,2005-11-19,similar_only,1069,usp000e4gh,"M 6.5 - 57 km SE of Sinabang, Indonesia",2005-11-19,"57 km SE of Sinabang, Indonesia",92.89,0,6.50,0.6000,Only log-only similar events were found (1 candidates).,https://earthquake.usgs.gov/earthquakes/eventpage/usp000e4gh,0.000413201792,0.008637906103,0.023371294295,0.967577597811,0.023371294295,-1.631317,stage5_earthquake_probability_v1,exclusive Poisson null from calibrated USGS target-band rates,"{""annual_rates"": {""exact"": 0.15095314356563516, ""near_only"": 0.22642971534845277, ""similar_only"": 0.6226817172082451}, ""calibration_end"": ""2025-12-31"", ""calibration_start"": ""1973-01-01"", ""calibration_years"": 52.99657768651608, ""event_counts"": {""exact_spatial_mag"": 8, ""log_spatial_only"": 33, ""near_spatial_mag_only"": 12, ""total_candidates"": 53}, ""lambda"": {""exact"": 0.0004132871829312393, ""near_only"": 0.008679030841556025, ""similar_only"": 0.023867334814279068}, ""model"": ""poisson_rate_exclusive_bands"", ""probabilities"": {""exact"": 0.0004132017915475794, ""miss"": 0.967577597810831, ""near_only"": 0.008637906102524975, ""similar_only"": 0.023371294295096472}, ""script_version"": ""stage5_earthquake_probability_v1"", ""window_days"": {""exact"": 1, ""near_only"": 14, ""similar_only"": 14}}",included_in_statistics,Prediction has a resolved earthquake match outcome and a complete null-model probability vector.,"{""reason_code"": ""scored_and_probability_ready"", ""script_version"": ""stage7_earthquake_final_v1""}","{""candidate_event_count"": 1, ""exact_candidate_count"": 0, ""log_candidate_count"": 1, ""near_candidate_count"": 0, ""script_version"": ""stage4_earthquake_match_v1"", ""selected_band"": ""log_only""}"
9545,436,3,run:6:report:497:bundle:1539:1805,compound_child,2,2,significant_prediction,True,2006-10-15,"a seaquake of magnitude 5.7 will occur on the 26th of October in connection with the volcanic activity of Etna, shaking southern Italy and Sicily.","a seaquake of magnitude 5.7 will occur on the 26th of October in connection with the volcanic activity of Etna, shaking southern Italy and Sicily",Italy,country,41.871900,12.567400,700.00,5.70,5.70,,2006-10-26,2006-10-26,exact_hit,1071,usp000ew2z,"M 5.8 - 40 km W of San Nicolò, Italy",2006-10-26,"40 km W of San Nicolò, Italy",430.98,0,5.80,0.9500,Exact-band earthquake match selected from 1 candidates.,https://earthquake.usgs.gov/earthquakes/eventpage/usp000ew2z,0.007001258302,0.316178622564,0.079169644410,0.597650474724,0.007001258302,-2.154824,stage5_earthquake_probability_v1,exclusive Poisson null from calibrated USGS target-band rates,"{""annual_rates"": {""exact"": 2.566203440615798, ""near_only"": 10.00064576122333, ""similar_only"": 3.245492586661156}, ""calibration_end"": ""2025-12-31"", ""calibration_start"": ""1973-01-01"", ""calibration_years"": 52.99657768651608, ""event_counts"": {""exact_spatial_mag"": 136, ""log_spatial_only"": 172, ""near_spatial_mag_only"": 530, ""total_candidates"": 839}, ""lambda"": {""exact"": 0.0070258821098310685, ""near_only"": 0.38332386216872444, ""similar_only"": 0.12439944206230304}, ""model"": ""poisson_rate_exclusive_bands"", ""probabilities"": {""exact"": 0.00700125830185927, ""miss"": 0.5976504747239161, ""near_only"": 0.31617862256375817, ""similar_only"": 0.07916964441046656}, ""script_version"": ""stage5_earthquake_probability_v1"", ""window_days"": {""exact"": 1, ""near_only"": 14, ""similar_only"": 14}}",included_in_statistics,Prediction has a resolved earthquake match outcome and a complete null-model probability vector.,"{""reason_code"": ""scored_and_probability_ready"", ""script_version"": ""stage7_earthquake_final_v1""}","{""candidate_event_count"": 3, ""exact_candidate_count"": 1, ""log_candidate_count"": 1, ""near_candidate_count"": 1, ""script_version"": ""stage4_earthquake_match_v1"", ""selected_band"": ""exact""}"
9546,436,4,,standalone,,,significant_prediction,True,2006-10-15,"This is indeed the case because we are doing a small study on seaquakes and earthquakes, and they are related to a major seaquake of magnitude 8.1 that will occur on the 15th of November near the Kuril Islands north of Japan.","This is indeed the case because we are doing a small study on seaquakes and earthquakes, and they are related to a major seaquake of magnitude 8.1 that will occur on the 15th of November near the Kuril Islands north of Japan",Japan,country,36.204800,138.252900,1200.00,8.10,8.10,,2006-11-15,2006-11-15,miss,,,,,,,,,0.8000,"No USGS earthquake events were found within the configured exact, near, or log-only bands.",,0.000568108442,0.021451684154,0.001413630739,0.976566576665,0.976566576665,-0.010298,stage5_earthquake_probability_v1,exclusive Poisson null from calibrated USGS target-band rates,"{""annual_rates"": {""exact"": 0.20756057240274836, ""near_only"": 0.5660742883711319, ""similar_only"": 0.03773828589140879}, ""calibration_end"": ""2025-12-31"", ""calibration_start"": ""1973-01-01"", ""calibration_years"": 52.99657768651608, ""event_counts"": {""exact_spatial_mag"": 11, ""log_spatial_only"": 2, ""near_spatial_mag_only"": 30, ""total_candidates"": 43}, ""lambda"": {""exact"": 0.0005682698765304541, ""near_only"": 0.021697577103890066, ""similar_only"": 0.0014465051402593374}, ""model"": ""poisson_rate_exclusive_bands"", ""probabilities"": {""exact"": 0.0005681084417851201, ""miss"": 0.9765665766653803, ""near_only"": 0.021451684154305158, ""similar_only"": 0.0014136307385294435}, ""script_version"": ""stage5_earthquake_probability_v1"", ""window_days"": {""exact"": 1, ""near_only"": 14, ""similar_only"": 14}}",included_in_statistics,Prediction has a resolved earthquake match outcome and a complete null-model probability vector.,"{""reason_code"": ""scored_and_probability_ready"", ""script_version"": ""stage7_earthquake_final_v1""}","{""candidate_event_count"": 0, ""exact_candidate_count"": 0, ""log_candidate_count"": 0, ""near_candidate_count"": 0, ""reason"": ""no_catalog_events"", ""script_version"": ""stage4_earthquake_match_v1"", ""selected_band"": ""none""}"
9573,442,3,,standalone,,,significant_prediction,True,2007-02-10,"On the 12th of February, next Monday, the Iberian Peninsula will be shaken from the Atlantic Ocean by a seaquake of magnitude 6.4, the vibrations of which will be felt as far as North Africa.","On the 12th of February, next Monday, the Iberian Peninsula will be shaken from the Atlantic Ocean by a seaquake of magnitude 6.4, the vibrations of which will be felt as far as North Africa",Iberian Peninsula,region,40.200000,-4.000000,800.00,6.40,6.40,,2007-02-12,2007-02-12,exact_hit,1073,usp000f4qu,"M 6.0 - 181 km SW of Sagres, Portugal",2007-02-12,"181 km SW of Sagres, Portugal",737.75,0,6.00,0.9500,Exact-band earthquake match selected from 1 candidates.,https://earthquake.usgs.gov/earthquakes/eventpage/usp000f4qu,0.000516475559,0.015777483578,0.002132089871,0.981573950992,0.000516475559,-3.28695,stage5_earthquake_probability_v1,exclusive Poisson null from calibrated USGS target-band rates,"{""annual_rates"": {""exact"": 0.18869142945704398, ""near_only"": 0.4151211448054967, ""similar_only"": 0.05660742883711319}, ""calibration_end"": ""2025-12-31"", ""calibration_start"": ""1973-01-01"", ""calibration_years"": 52.99657768651608, ""event_counts"": {""exact_spatial_mag"": 10, ""log_spatial_only"": 3, ""near_spatial_mag_only"": 22, ""total_candidates"": 35}, ""lambda"": {""exact"": 0.0005166089786640492, ""near_only"": 0.015911556542852714, ""similar_only"": 0.0021697577103890063}, ""model"": ""poisson_rate_exclusive_bands"", ""probabilities"": {""exact"": 0.0005164755592218517, ""miss"": 0.9815739509918658, ""near_only"": 0.015777483577674934, ""similar_only"": 0.0021320898712373364}, ""script_version"": ""stage5_earthquake_probability_v1"", ""window_days"": {""exact"": 1, ""near_only"": 14, ""similar_only"": 14}}",included_in_statistics,Prediction has a resolved earthquake match outcome and a complete null-model probability vector.,"{""reason_code"": ""scored_and_probability_ready"", ""script_version"": ""stage7_earthquake_final_v1""}","{""candidate_event_count"": 1, ""exact_candidate_count"": 1, ""log_candidate_count"": 0, ""near_candidate_count"": 0, ""script_version"": ""stage4_earthquake_match_v1"", ""selected_band"": ""exact""}"
9666,465,6,,standalone,,,significant_prediction,True,2008-05-07,On the 12th of May there will be a major earthquake of magnitude 8 in the province of Sichuan in China.,On the 12th of May there will be a major earthquake of magnitude 8 in the province of Sichuan in China,China,country,35.861700,104.195400,1400.00,8.00,8.00,,2008-05-12,2008-05-12,exact_hit,1074,usp000g650,"M 7.9 - 58 km W of Tianpeng, China",2008-05-12,"58 km W of Tianpeng, China",546.41,0,7.90,0.9500,Exact-band earthquake match selected from 1 candidates.,https://earthquake.usgs.gov/earthquakes/eventpage/usp000g650,0.000154970684,0.002888381875,0.000720790769,0.996235856671,0.000154970684,-3.80975,stage5_earthquake_probability_v1,exclusive Poisson null from calibrated USGS target-band rates,"{""annual_rates"": {""exact"": 0.05660742883711319, ""near_only"": 0.07547657178281758, ""similar_only"": 0.018869142945704395}, ""calibration_end"": ""2025-12-31"", ""calibration_start"": ""1973-01-01"", ""calibration_years"": 52.99657768651608, ""event_counts"": {""exact_spatial_mag"": 3, ""log_spatial_only"": 1, ""near_spatial_mag_only"": 4, ""total_candidates"": 8}, ""lambda"": {""exact"": 0.00015498269359921475, ""near_only"": 0.002893010280518675, ""similar_only"": 0.0007232525701296687}, ""model"": ""poisson_rate_exclusive_bands"", ""probabilities"": {""exact"": 0.00015497068440195605, ""miss"": 0.9962358566713585, ""near_only"": 0.0028883818749785156, ""similar_only"": 0.0007207907692609323}, ""script_version"": ""stage5_earthquake_probability_v1"", ""window_days"": {""exact"": 1, ""near_only"": 14, ""similar_only"": 14}}",included_in_statistics,Prediction has a resolved earthquake match outcome and a complete null-model probability vector.,"{""reason_code"": ""scored_and_probability_ready"", ""script_version"": ""stage7_earthquake_final_v1""}","{""candidate_event_count"": 1, ""exact_candidate_count"": 1, ""log_candidate_count"": 0, ""near_candidate_count"": 0, ""script_version"": ""stage4_earthquake_match_v1"", ""selected_band"": ""exact""}"
9684,467,2,,standalone,,,significant_prediction,True,2008-06-28,"will not cause much damage, as is the case with a 5.3 magnitude earthquake in China, although China will not be able to rest with quakes in the near future because new earthquakes are constantly occurring, which will also be the case in the month of August near Sichuan.","will not cause much damage, as is the case with a 5.3 magnitude earthquake in China, although China will not be able to rest with quakes in the near future because new earthquakes are constantly occurring, which will also be the case in the month of August near Sichuan",China,country,35.861700,104.195400,1400.00,,,,2008-06-28,2013-06-28,exact_hit,1094,usp000gdw4,"M 6.0 - 46 km NW of Guangyuan, China",2008-08-05,"46 km NW of Guangyuan, China",365.34,0,6.00,0.9500,Exact-band earthquake match selected from 22 candidates.,https://earthquake.usgs.gov/earthquakes/eventpage/usp000gdw4,0.999999988836,4.579E-9,4.294E-9,2.290E-9,0.999999988836,-0.0,stage5_earthquake_probability_v1,exclusive Poisson null from calibrated USGS target-band rates,"{""annual_rates"": {""exact"": 3.660613731466653, ""near_only"": 0.26416800123986156, ""similar_only"": 0.5283360024797231}, ""calibration_end"": ""2025-12-31"", ""calibration_start"": ""1973-01-01"", ""calibration_years"": 52.99657768651608, ""event_counts"": {""exact_spatial_mag"": 194, ""log_spatial_only"": 28, ""near_spatial_mag_only"": 14, ""total_candidates"": 236}, ""lambda"": {""exact"": 18.31058531797283, ""near_only"": 0.5279743761946583, ""similar_only"": 1.0559487523893165}, ""model"": ""poisson_rate_exclusive_bands"", ""probabilities"": {""exact"": 0.999999988836154, ""miss"": 2.290470810156945e-09, ""near_only"": 4.579426696151687e-09, ""similar_only"": 4.293948468389559e-09}, ""script_version"": ""stage5_earthquake_probability_v1"", ""window_days"": {""exact"": 1827, ""near_only"": 730, ""similar_only"": 730}}",included_in_statistics,Prediction has a resolved earthquake match outcome and a complete null-model probability vector.,"{""reason_code"": ""scored_and_probability_ready"", ""script_version"": ""stage7_earthquake_final_v1""}","{""candidate_event_count"": 54, ""exact_candidate_count"": 22, ""log_candidate_count"": 14, ""near_candidate_count"": 18, ""script_version"": ""stage4_earthquake_match_v1"", ""selected_band"": ""exact""}"
9683,467,1,,standalone,,,significant_prediction,True,2008-06-28,Tomorrow there will be a seaquake of magnitude 6.3 near the Greek island of Rhodes.,Tomorrow there will be a seaquake of magnitude 6.3 near the Greek island of Rhodes,Greece,country,39.074200,21.824300,350.00,6.30,6.30,,2008-06-29,2008-06-29,similar_only,1129,usp000ga7w,"M 5.6 - 82 km S of Koróni, Greece",2008-06-21,"82 km S of Koróni, Greece",335.16,8,5.60,0.6000,Only log-only similar events were found (1 candidates).,https://earthquake.usgs.gov/earthquakes/eventpage/usp000ga7w,0.002373579896,0.108373478282,0.010866684650,0.878386257173,0.01086668465,-1.963903,stage5_earthquake_probability_v1,exclusive Poisson null from calibrated USGS target-band rates,"{""annual_rates"": {""exact"": 0.8679805755024023, ""near_only"": 3.000193728366999, ""similar_only"": 0.32077543007697473}, ""calibration_end"": ""2025-12-31"", ""calibration_start"": ""1973-01-01"", ""calibration_years"": 52.99657768651608, ""event_counts"": {""exact_spatial_mag"": 46, ""log_spatial_only"": 17, ""near_spatial_mag_only"": 159, ""total_candidates"": 223}, ""lambda"": {""exact"": 0.002376401301854626, ""near_only"": 0.11499715865061734, ""similar_only"": 0.012295293692204369}, ""model"": ""poisson_rate_exclusive_bands"", ""probabilities"": {""exact"": 0.002373579895654565, ""miss"": 0.8783862571725061, ""near_only"": 0.1083734782816508, ""similar_only"": 0.010866684650188623}, ""script_version"": ""stage5_earthquake_probability_v1"", ""window_days"": {""exact"": 1, ""near_only"": 14, ""similar_only"": 14}}",included_in_statistics,Prediction has a resolved earthquake match outcome and a complete null-model probability vector.,"{""reason_code"": ""scored_and_probability_ready"", ""script_version"": ""stage7_earthquake_final_v1""}","{""candidate_event_count"": 1, ""exact_candidate_count"": 0, ""log_candidate_count"": 1, ""near_candidate_count"": 0, ""script_version"": ""stage4_earthquake_match_v1"", ""selected_band"": ""log_only""}"
9685,467,3,,standalone,,,significant_prediction,True,2008-06-28,"Also for Japan in the near future, violent seaquakes, such as one of magnitude 6.4 in the northeastern sea of Japan, and on the 23rd of July, another seaquake of magnitude 6.8 occurs.","Also for Japan in the near future, violent seaquakes, such as one of magnitude 6.4 in the northeastern sea of Japan, and on the 23rd of July, another seaquake of magnitude 6.8 occurs",Japan,country,36.204800,138.252900,1200.00,6.40,6.40,,2008-07-23,2008-07-23,exact_hit,1134,usp000gczp,"M 6.8 - 29 km ENE of Morioka, Japan",2008-07-23,"29 km ENE of Morioka, Japan",488.95,0,6.80,0.9500,Exact-band earthquake match selected from 1 candidates.,https://earthquake.usgs.gov/earthquakes/eventpage/usp000gczp,0.032822206986,0.653300745801,0.018714895728,0.295162151484,0.032822206986,-1.483832,stage5_earthquake_probability_v1,exclusive Poisson null from calibrated USGS target-band rates,"{""annual_rates"": {""exact"": 12.18946634292504, ""near_only"": 29.36038642351604, ""similar_only"": 1.6038771503848737}, ""calibration_end"": ""2025-12-31"", ""calibration_start"": ""1973-01-01"", ""calibration_years"": 52.99657768651608, ""event_counts"": {""exact_spatial_mag"": 646, ""log_spatial_only"": 85, ""near_spatial_mag_only"": 1556, ""total_candidates"": 2289}, ""lambda"": {""exact"": 0.03337294002169758, ""near_only"": 1.1253809991217647, ""similar_only"": 0.061476468461021845}, ""model"": ""poisson_rate_exclusive_bands"", ""probabilities"": {""exact"": 0.032822206986045765, ""miss"": 0.29516215148441993, ""near_only"": 0.6533007458012423, ""similar_only"": 0.01871489572829192}, ""script_version"": ""stage5_earthquake_probability_v1"", ""window_days"": {""exact"": 1, ""near_only"": 14, ""similar_only"": 14}}",included_in_statistics,Prediction has a resolved earthquake match outcome and a complete null-model probability vector.,"{""reason_code"": ""scored_and_probability_ready"", ""script_version"": ""stage7_earthquake_final_v1""}","{""candidate_event_count"": 5, ""exact_candidate_count"": 1, ""log_candidate_count"": 0, ""near_candidate_count"": 4, ""script_version"": ""stage4_earthquake_match_v1"", ""selected_band"": ""exact""}"
9762,519,3,,standalone,,,significant_prediction,True,2011-04-02,"In addition to all the following minor aftershocks, another severe seaquake of 7.1 magnitude will occur on the 11th of April.","In addition to all the following minor aftershocks, another severe seaquake of 7.1 magnitude will occur on the 11th of April","Onagawa Coast, Japan",region,38.445700,141.444000,180.00,,,severe,2011-04-11,2011-04-11,near_hit,1138,usp000hzq8,"M 6.6 - 17 km SSW of Ishikawa, Japan",2011-04-11,"17 km SSW of Ishikawa, Japan",184.99,0,6.60,0.8500,No exact-band event found; best near-band earthquake selected from 3 candidates.,https://earthquake.usgs.gov/earthquakes/eventpage/usp000hzq8,0.005152768494,0.028368699415,0.028238577880,0.938239954211,0.028368699415,-1.547161,stage5_earthquake_probability_v1,exclusive Poisson null from calibrated USGS target-band rates,"{""annual_rates"": {""exact"": 1.8869142945704398, ""near_only"": 0.7547657178281759, ""similar_only"": 0.7736348607738802}, ""calibration_end"": ""2025-12-31"", ""calibration_start"": ""1973-01-01"", ""calibration_years"": 52.99657768651608, ""event_counts"": {""exact_spatial_mag"": 100, ""log_spatial_only"": 41, ""near_spatial_mag_only"": 40, ""total_candidates"": 181}, ""lambda"": {""exact"": 0.005166089786640492, ""near_only"": 0.028930102805186753, ""similar_only"": 0.02965335537531642}, ""model"": ""poisson_rate_exclusive_bands"", ""probabilities"": {""exact"": 0.005152768494334992, ""miss"": 0.9382399542109019, ""near_only"": 0.028368699414668925, ""similar_only"": 0.028238577880094123}, ""script_version"": ""stage5_earthquake_probability_v1"", ""window_days"": {""exact"": 1, ""near_only"": 14, ""similar_only"": 14}}",included_in_statistics,Prediction has a resolved earthquake match outcome and a complete null-model probability vector.,"{""reason_code"": ""scored_and_probability_ready"", ""script_version"": ""stage7_earthquake_final_v1""}","{""candidate_event_count"": 5, ""exact_candidate_count"": 0, ""log_candidate_count"": 2, ""near_candidate_count"": 3, ""script_version"": ""stage4_earthquake_match_v1"", ""selected_band"": ""near""}"
10168,683,6,,standalone,,,significant_prediction,True,2017-06-10,"That which concerns the Aegean is correct, because at the beginning of next week there will be another stronger quake in the Aegean.","That which concerns the Aegean is correct, because at the beginning of next week there will be another stronger quake in the Aegean",Aegean Sea,region,38.700000,25.000000,300.00,,,strong,2017-06-10,2017-06-17,exact_hit,1140,us20009ly0,"M 6.3 - 5 km S of Plomári, Greece",2017-06-12,"5 km S of Plomári, Greece",120.99,0,6.30,0.9500,Exact-band earthquake match selected from 1 candidates.,https://earthquake.usgs.gov/earthquakes/eventpage/us20009ly0,0.025701050269,0.051632677931,0.126402327345,0.796263944454,0.025701050269,-1.590049,stage5_earthquake_probability_v1,exclusive Poisson null from calibrated USGS target-band rates,"{""annual_rates"": {""exact"": 1.188756005579377, ""near_only"": 0.32077543007697473, ""similar_only"": 0.8679805755024023}, ""calibration_end"": ""2025-12-31"", ""calibration_start"": ""1973-01-01"", ""calibration_years"": 52.99657768651608, ""event_counts"": {""exact_spatial_mag"": 63, ""log_spatial_only"": 46, ""near_spatial_mag_only"": 17, ""total_candidates"": 127}, ""lambda"": {""exact"": 0.02603709252466808, ""near_only"": 0.05445058635119079, ""similar_only"": 0.14733688071498685}, ""model"": ""poisson_rate_exclusive_bands"", ""probabilities"": {""exact"": 0.025701050269333114, ""miss"": 0.796263944454142, ""near_only"": 0.05163267793126932, ""similar_only"": 0.12640232734525556}, ""script_version"": ""stage5_earthquake_probability_v1"", ""window_days"": {""exact"": 8, ""near_only"": 62, ""similar_only"": 62}}",included_in_statistics,Prediction has a resolved earthquake match outcome and a complete null-model probability vector.,"{""reason_code"": ""scored_and_probability_ready"", ""script_version"": ""stage7_earthquake_final_v1""}","{""candidate_event_count"": 2, ""exact_candidate_count"": 1, ""log_candidate_count"": 1, ""near_candidate_count"": 0, ""script_version"": ""stage4_earthquake_match_v1"", ""selected_band"": ""exact""}"
10401,725,1,,standalone,,,significant_prediction,True,2019-10-12,"We talked about upcoming events and I said that towards the end of next month, November, there will be a strong earthquake in Albania with many deaths, while in Yemen there will be an outbreak of dengue fever which will also cause many deaths.","We talked about upcoming events and I said that towards the end of next month, November, there will be a strong earthquake in Albania with many deaths, while in Yemen there will be an outbreak of dengue fever which will also cause many deaths",Albania,country,41.153300,20.168300,180.00,,,strong,2019-11-12,2019-12-11,exact_hit,1143,us70006d0m,"M 6.4 - 15 km WSW of Mamurras, Albania",2019-11-26,"15 km WSW of Mamurras, Albania",66.98,0,6.40,0.9500,Exact-band earthquake match selected from 2 candidates.,https://earthquake.usgs.gov/earthquakes/eventpage/us70006d0m,0.026003002421,0.021594829168,0.038842485773,0.913559682638,0.026003002421,-1.584977,stage5_earthquake_probability_v1,exclusive Poisson null from calibrated USGS target-band rates,"{""annual_rates"": {""exact"": 0.32077543007697473, ""near_only"": 0.13208400061993078, ""similar_only"": 0.24529885829415715}, ""calibration_end"": ""2025-12-31"", ""calibration_start"": ""1973-01-01"", ""calibration_years"": 52.99657768651608, ""event_counts"": {""exact_spatial_mag"": 17, ""log_spatial_only"": 13, ""near_spatial_mag_only"": 7, ""total_candidates"": 37}, ""lambda"": {""exact"": 0.026347057911866506, ""near_only"": 0.022420829674019736, ""similar_only"": 0.041638683680322364}, ""model"": ""poisson_rate_exclusive_bands"", ""probabilities"": {""exact"": 0.026003002420758037, ""miss"": 0.9135596826382704, ""near_only"": 0.021594829168126946, ""similar_only"": 0.03884248577284456}, ""script_version"": ""stage5_earthquake_probability_v1"", ""window_days"": {""exact"": 30, ""near_only"": 62, ""similar_only"": 62}}",included_in_statistics,Prediction has a resolved earthquake match outcome and a complete null-model probability vector.,"{""reason_code"": ""scored_and_probability_ready"", ""script_version"": ""stage7_earthquake_final_v1""}","{""candidate_event_count"": 3, ""exact_candidate_count"": 2, ""log_candidate_count"": 1, ""near_candidate_count"": 0, ""script_version"": ""stage4_earthquake_match_v1"", ""selected_band"": ""exact""}"
11669,779,483,,standalone,,,significant_prediction,True,2021-10-06,"As already explained, the first severe earthquake with many deaths will already occur next year, and in the following year also the first violent volcanic eruptions, which will also be followed by tremendously extreme earthquakes and seaquakes, whereby these will extend far into the 3rd millennium and, becoming worse and worse, will then claim countless human lives.","As already explained, the first severe earthquake with many deaths will already occur next year, and in the following year also the first violent volcanic eruptions, which will also be followed by tremendously extreme earthquakes and seaquakes, whereby these will extend far into the 3rd millennium and, becoming worse and worse, will then claim countless human lives",,none,,,,,,severe,2022-01-01,2022-12-31,unresolved,,,,,,,,,0.2500,Prediction could not be scored because the target location remains unresolved.,,,,,,,,stage5_earthquake_probability_v1,target unresolved for probability model,"{""reason"": ""target unresolved for probability model"", ""script_version"": ""stage5_earthquake_probability_v1""}",excluded_from_statistics,"This row mixes long-horizon earthquakes and eruptions across future years without a bounded target, so it is outside the atomic earthquake cohort.","{""reason_code"": ""multi_year_compound_world_scope"", ""rule_key"": ""779:483"", ""script_version"": ""stage7_earthquake_final_v1""}","{""candidate_event_count"": 0, ""exact_candidate_count"": 0, ""log_candidate_count"": 0, ""near_candidate_count"": 0, ""reason"": ""unresolved_target"", ""script_version"": ""stage4_earthquake_match_v1"", ""selected_band"": ""none""}"
