event_family_final,report_number,candidate_seq,match_status,final_status,public_date_status,public_date_cohort_status,public_date_cohort_reason,claimed_contact_date,earliest_provable_public_date,public_date_basis,current_public_source_tier,current_public_source_bucket,best_available_source_tier,best_available_source_bucket,earliest_primary_source_date,earliest_mirror_source_date,observed_probability_under_null,claim_normalized
aviation_space,459,7,exact_hit,included_in_statistics,event_precedes_publication,excluded_currently_unrescued,"The current provable public date still postdates the matched observed event, so the row remains excluded unless stronger earlier evidence is found.",2008-02-03,2020-06-22,manual_source_link,mirror_translation_page,mirror,official_figu_original,primary_official,2022-10-21,2020-06-22,0.002301494955,"At about the same time, for the first time on the Earth, a defective US spy satellite, which is threatening to fall to Earth and has a very toxic fuel content, is shot down and exploded by a US Navy rocket at a very high altitude."
earthquake,136,24,exact_hit,included_in_statistics,event_precedes_publication,excluded_currently_unrescued,"The current provable public date still postdates the matched observed event, so the row remains excluded unless stronger earlier evidence is found.",1980-10-14,2007-08-10,wiki_first_revision,mirror_revision_timestamp,mirror,official_figu_original,primary_official,2022-10-21,2007-08-10,0.000568108442,"After the presidential election in America, the next world-changing event will be that in Italy, the next major earthquake after Al Asnam will occur, to which 4,000 Earth-humans will fall victim."
earthquake,136,26,exact_hit,included_in_statistics,event_precedes_publication,excluded_currently_unrescued,"The current provable public date still postdates the matched observed event, so the row remains excluded unless stronger earlier evidence is found.",1980-10-14,2007-08-10,wiki_first_revision,mirror_revision_timestamp,mirror,official_figu_original,primary_official,2022-10-21,2007-08-10,0.000568108442,"The first major quake, having great destructive power and causing thousands of deaths, will result towards the end of the month of November of this year, after which then, over long periods of time, new tremblings of the Earth will drive the populations into fear, as this will also be the case in Al Asnam, where for the first time, the Earth will no longer come completely to rest."
earthquake,136,28,exact_hit,included_in_statistics,event_precedes_publication,excluded_currently_unrescued,"The current provable public date still postdates the matched observed event, so the row remains excluded unless stronger earlier evidence is found.",1980-10-14,2007-08-10,wiki_first_revision,mirror_revision_timestamp,mirror,official_figu_original,primary_official,2022-10-21,2007-08-10,5.1659563e-05,"The severe quake around Vesuvius will only be the beginning of a great number of similar disasters in Italy, but it should also be the starting point for further coming eruptions of the volcano, which will create more destruction in the future."
earthquake,136,44,exact_hit,included_in_statistics,event_precedes_publication,excluded_currently_unrescued,"The current provable public date still postdates the matched observed event, so the row remains excluded unless stronger earlier evidence is found.",1980-10-14,2007-08-10,wiki_first_revision,mirror_revision_timestamp,mirror,official_figu_original,primary_official,2022-10-21,2007-08-10,0.084834266627,"Around the time of the 19th of January 1981, Japan will be shaken by an earthquake, which we have calculated at about a strength of 8 on the Richter scale known to you."
earthquake,136,54,near_hit,included_in_statistics,event_precedes_publication,excluded_currently_unrescued,"The current provable public date still postdates the matched observed event, so the row remains excluded unless stronger earlier evidence is found.",1980-10-14,2007-08-10,wiki_first_revision,mirror_revision_timestamp,mirror,official_figu_original,primary_official,2022-10-21,2007-08-10,0.042395192109,"The next events in chronological sequence are that Indonesia will be shaken by an earthquake, which will kill several hundred people."
earthquake,136,55,near_hit,included_in_statistics,event_precedes_publication,excluded_currently_unrescued,"The current provable public date still postdates the matched observed event, so the row remains excluded unless stronger earlier evidence is found.",1980-10-14,2007-08-10,wiki_first_revision,mirror_revision_timestamp,mirror,official_figu_original,primary_official,2022-10-21,2007-08-10,0.009973981356,"namely on the 24th of January 1981, China will also be afflicted by another major earthquake in the territory of the province of Sichuan."
earthquake,136,86,exact_hit,included_in_statistics,event_precedes_publication,excluded_currently_unrescued,"The current provable public date still postdates the matched observed event, so the row remains excluded unless stronger earlier evidence is found.",1980-10-14,2007-08-10,wiki_first_revision,mirror_revision_timestamp,mirror,official_figu_original,primary_official,2022-10-21,2007-08-10,0.000309917353,"It is certain that shortly after the 20th of February 1981, the southern part of Greece will be shaken by a moderately severe earthquake."
earthquake,136,89,exact_hit,included_in_statistics,event_precedes_publication,excluded_currently_unrescued,"The current provable public date still postdates the matched observed event, so the row remains excluded unless stronger earlier evidence is found.",1980-10-14,2007-08-10,wiki_first_revision,mirror_revision_timestamp,mirror,official_figu_original,primary_official,2022-10-21,2007-08-10,0.000258271132,The first major quake of magnitude 6.6 on the Richter scale on the 24th of February had been measured 70 kilometres west of Athens.
earthquake,136,90,exact_hit,included_in_statistics,event_precedes_publication,excluded_currently_unrescued,"The current provable public date still postdates the matched observed event, so the row remains excluded unless stronger earlier evidence is found.",1980-10-14,2007-08-10,wiki_first_revision,mirror_revision_timestamp,mirror,official_figu_original,primary_official,2022-10-21,2007-08-10,0.001909627558,"On the 24th of February, a severe quake had caused devastating damage in Greece and claimed several lives."
earthquake,136,172,exact_hit,included_in_statistics,event_precedes_publication,excluded_currently_unrescued,"The current provable public date still postdates the matched observed event, so the row remains excluded unless stronger earlier evidence is found.",1980-10-14,2007-08-10,wiki_first_revision,mirror_revision_timestamp,mirror,official_figu_original,primary_official,2022-10-21,2007-08-10,0.000464840009,"This event in Iran will not be the only one at this time because only hours after the attack on President Bani Sadr, in the south of the same country, a severe earthquake will take the lives of 7,000 people."
earthquake,136,178,exact_hit,included_in_statistics,event_precedes_publication,excluded_currently_unrescued,"The current provable public date still postdates the matched observed event, so the row remains excluded unless stronger earlier evidence is found.",1980-10-14,2007-08-10,wiki_first_revision,mirror_revision_timestamp,mirror,official_figu_original,primary_official,2022-10-21,2007-08-10,0.009511740586,"Only a month later, on the 28th of July, Iran will once again be shaken by a major quake, again in the region of Kerman, but this time, it will demand 7,200 deaths, while several cities."
earthquake,150,76,miss,included_in_statistics,public_date_ok,included_in_current_public_date_cohort,"The current provable public date does not postdate the matched observed event, so the row remains in the current public-date-clean cohort.",1981-10-10,2009-10-13,wiki_first_revision:Future Of Mankind Contact Report 150 first page revision,mirror_revision_timestamp,mirror,official_figu_original,primary_official,2022-10-21,2009-10-13,0.975507694719,"Approximately on the 15th of August 1982, southern Italy will again be struck by an earthquake, for this part of Italy will not rest for some time."
earthquake,150,135,exact_hit,included_in_statistics,event_precedes_publication,excluded_currently_unrescued,"The current provable public date still postdates the matched observed event, so the row remains excluded unless stronger earlier evidence is found.",1981-10-10,2009-10-13,wiki_first_revision:Future Of Mankind Contact Report 150 first page revision,mirror_revision_timestamp,mirror,official_figu_original,primary_official,2022-10-21,2009-10-13,5.1659563e-05,"In the country of Yemen, near Sanaa, in Dhamar, there will be a moderate earthquake."
earthquake,182,53,miss,included_in_statistics,no_public_date_evidence,pending_more_public_evidence,The row does not yet have enough public-date evidence to enter or fail the current strict cohort.,1983-02-03,,claimed_contact_date_only,mirror_revision_timestamp,mirror,mirror_revision_timestamp,mirror,,2008-09-27,0.999948340437,"However, this will not be the only earthquake at this time because still another area that is well-known to you will be shaken by a heavy quake only about ten days later, so namely Liège and the closer and wider environment."
earthquake,238,17,exact_hit,included_in_statistics,event_precedes_publication,excluded_currently_unrescued,"The current provable public date still postdates the matched observed event, so the row remains excluded unless stronger earlier evidence is found.",1991-05-18,2007-08-08,wiki_first_revision:Future Of Mankind Contact Report 238 first page revision,mirror_revision_timestamp,mirror,official_figu_original,primary_official,2022-10-21,2007-08-08,0.493729410255,A major earthquake will soon occur again in Georgia.
earthquake,238,30,exact_hit,included_in_statistics,event_precedes_publication,excluded_currently_unrescued,"The current provable public date still postdates the matched observed event, so the row remains excluded unless stronger earlier evidence is found.",1991-05-18,2007-08-08,wiki_first_revision:Future Of Mankind Contact Report 238 first page revision,mirror_revision_timestamp,mirror,official_figu_original,primary_official,2022-10-21,2007-08-08,0.001032684371,"California in the USA will not be spared from natural disasters either, because around the 29th of June this part of America will be shaken by an earthquake which will have a magnitude of 6 on the Richter scale and its epicentre in the Sierra Madre, causing considerable destruction."
earthquake,238,113,exact_hit,included_in_statistics,event_precedes_publication,excluded_currently_unrescued,"The current provable public date still postdates the matched observed event, so the row remains excluded unless stronger earlier evidence is found.",1991-05-18,2007-08-08,wiki_first_revision:Future Of Mankind Contact Report 238 first page revision,mirror_revision_timestamp,mirror,official_figu_original,primary_official,2022-10-21,2007-08-08,0.999999999722,"and which will be followed by many aftershocks, are tectonic quakes caused by the so-called Africa Plate, which collides with the North Europe Plate and will cause a lot of disaster in the near future, although it is to be feared that underground atomic bomb experiments on other continental plates, such as in America, Russia, Arabia and in the Mururoa Atoll may help to complete even larger catastrophes directly or indirectly."
earthquake,238,197,near_hit,included_in_statistics,event_precedes_publication,excluded_currently_unrescued,"The current provable public date still postdates the matched observed event, so the row remains excluded unless stronger earlier evidence is found.",1991-05-18,2007-08-08,wiki_first_revision:Future Of Mankind Contact Report 238 first page revision,mirror_revision_timestamp,mirror,official_figu_original,primary_official,2022-10-21,2007-08-08,0.051930920077,"I just want to tell you that a stronger quake on the 2nd of February 1992, will not be very significant."
earthquake,238,210,exact_hit,included_in_statistics,event_precedes_publication,excluded_currently_unrescued,"The current provable public date still postdates the matched observed event, so the row remains excluded unless stronger earlier evidence is found.",1991-05-18,2007-08-08,wiki_first_revision:Future Of Mankind Contact Report 238 first page revision,mirror_revision_timestamp,mirror,official_figu_original,primary_official,2022-10-21,2007-08-08,0.000361560906,Bingol will be largely destroyed by a severe earthquake and many human beings will die.
earthquake,242,1,miss,included_in_statistics,public_date_ok,included_in_current_public_date_cohort,"The current provable public date does not postdate the matched observed event, so the row remains in the current public-date-clean cohort.",1992-04-24,2018-08-12,manual_source_link:Future Of Mankind Contact Report 242 English translation page,mirror_translation_page,mirror,official_figu_original,primary_official,2022-10-21,2018-08-12,0.969328687895,"With smaller quakes, however, things will be different, because already on the 8th of May another one of these will occur, which will have to be calculated at a magnitude of about 5.5, if, according to the Richter scale …."
earthquake,246,23,exact_hit,included_in_statistics,event_precedes_publication,excluded_currently_unrescued,"The current provable public date still postdates the matched observed event, so the row remains excluded unless stronger earlier evidence is found.",1993-06-19,2008-01-01,wiki_first_revision:Future Of Mankind Contact Report 246 first page revision,mirror_revision_timestamp,mirror,official_figu_original,primary_official,2022-10-21,2008-01-01,0.000671366205,"Storm surges will also be devastating, usually triggered by earthquakes or seaquakes, as will be the case in Japan when an earthquake measuring approximately 7.6 to 7.9 on the Richter scale will shake the land and sea near Hokkaido on the 12th of July, killing some 300 human lives."
earthquake,367,5,exact_hit,included_in_statistics,event_precedes_publication,excluded_currently_unrescued,"The current provable public date still postdates the matched observed event, so the row remains excluded unless stronger earlier evidence is found.",2004-09-09,2020-02-11,manual_source_link:Future Of Mankind Contact Report 367 English translation page,mirror_translation_page,mirror,official_figu_original,primary_official,2022-10-21,2020-02-11,1.0,"As soon as the quake is over, the next one will follow in the Nagaoka area with a magnitude of 6.0, followed by another one in November, which will be followed by others."
earthquake,369,1,miss,included_in_statistics,public_date_ok,included_in_current_public_date_cohort,"The current provable public date does not postdate the matched observed event, so the row remains in the current public-date-clean cohort.",2004-11-12,2020-02-12,manual_source_link:Future Of Mankind Contact Report 369 English translation page,mirror_translation_page,mirror,official_figu_original,primary_official,2022-10-21,2020-02-12,0.930949409122,"This time, unfortunately, the correction work was a bit laborious, because I was very tired, having spent two days and two nights sleepless because I was busy with research work in Southeast Asia, where a great catastrophe will happen on the 26th of December."
earthquake,369,17,miss,included_in_statistics,public_date_ok,included_in_current_public_date_cohort,"The current provable public date does not postdate the matched observed event, so the row remains in the current public-date-clean cohort.",2004-11-12,2020-02-12,manual_source_link:Future Of Mankind Contact Report 369 English translation page,mirror_translation_page,mirror,official_figu_original,primary_official,2022-10-21,2020-02-12,0.98203043803,"Immediately following the first snowstorms in Spain, on the 26th of December, two very severe seaquakes will occur practically simultaneously in the Indian Ocean, one in the Bay of Bengal, far below Chittagong, the port city of Bangladesh, and the other not far from Sumatra."
earthquake,369,33,miss,included_in_statistics,public_date_ok,included_in_current_public_date_cohort,"The current provable public date does not postdate the matched observed event, so the row remains in the current public-date-clean cohort.",2004-11-12,2020-02-12,manual_source_link:Future Of Mankind Contact Report 369 English translation page,mirror_translation_page,mirror,official_figu_original,primary_official,2022-10-21,2020-02-12,0.993255270861,"Unfortunately, the brute force of the two seaquakes will lead to further quakes, because every seaquake and landquake always causes further quakes worldwide as a chain reaction, especially when such large quakes occur as will be the case in the Indian Ocean on the 26th of December."
earthquake,377,23,miss,included_in_statistics,no_public_date_evidence,pending_more_public_evidence,The row does not yet have enough public-date evidence to enter or fail the current strict cohort.,2005-02-12,,claimed_contact_date_only,,,,,,,0.999741728868,"Also in the month of March, an earthquake in South Africa will be the talk of the town, which will be about five points on the Richter scale."
earthquake,383,2,exact_hit,included_in_statistics,event_precedes_publication,excluded_currently_unrescued,"The current provable public date still postdates the matched observed event, so the row remains excluded unless stronger earlier evidence is found.",2005-03-17,2020-02-27,manual_source_link:Future Of Mankind Contact Report 383 English translation page,mirror_translation_page,mirror,official_figu_original,primary_official,2022-10-21,2020-02-27,0.084834266627,Japan will be hit by a 7.0 magnitude earthquake on the 20th of March.
earthquake,383,3,exact_hit,included_in_statistics,event_precedes_publication,excluded_currently_unrescued,"The current provable public date still postdates the matched observed event, so the row remains excluded unless stronger earlier evidence is found.",2005-03-17,2020-02-27,manual_source_link:Future Of Mankind Contact Report 383 English translation page,mirror_translation_page,mirror,official_figu_original,primary_official,2022-10-21,2020-02-27,0.021969267955,"the Indian Ocean, off Sumatra, near the island of Nias, a new seaquake will occur on the 28th of March, with a magnitude of 8.7."
earthquake,383,26,exact_hit,included_in_statistics,event_precedes_publication,excluded_currently_unrescued,"The current provable public date still postdates the matched observed event, so the row remains excluded unless stronger earlier evidence is found.",2005-03-17,2020-02-27,manual_source_link:Future Of Mankind Contact Report 383 English translation page,mirror_translation_page,mirror,official_figu_original,primary_official,2022-10-21,2020-02-27,0.021969267955,On the 10th of April there is a new seaquake off Sumatra with a magnitude of 6.8.
earthquake,383,28,near_hit,included_in_statistics,event_precedes_publication,excluded_currently_unrescued,"The current provable public date still postdates the matched observed event, so the row remains excluded unless stronger earlier evidence is found.",2005-03-17,2020-02-27,manual_source_link:Future Of Mankind Contact Report 383 English translation page,mirror_translation_page,mirror,official_figu_original,primary_official,2022-10-21,2020-02-27,0.084259852043,Another seaquake of magnitude 6.4 follows on the 14th of April.
earthquake,383,30,near_hit,included_in_statistics,event_precedes_publication,excluded_currently_unrescued,"The current provable public date still postdates the matched observed event, so the row remains excluded unless stronger earlier evidence is found.",2005-03-17,2020-02-27,manual_source_link:Future Of Mankind Contact Report 383 English translation page,mirror_translation_page,mirror,official_figu_original,primary_official,2022-10-21,2020-02-27,0.035053410059,There will also be a new earthquake in Japan on the 11th of April.
earthquake,383,31,near_hit,included_in_statistics,event_precedes_publication,excluded_currently_unrescued,"The current provable public date still postdates the matched observed event, so the row remains excluded unless stronger earlier evidence is found.",2005-03-17,2020-02-27,manual_source_link:Future Of Mankind Contact Report 383 English translation page,mirror_translation_page,mirror,official_figu_original,primary_official,2022-10-21,2020-02-27,0.139213841796,a seaquake of magnitude 6.6 on the 12th of April in the Loyalty Islands.
earthquake,394,5,near_hit,included_in_statistics,no_public_date_evidence,pending_more_public_evidence,The row does not yet have enough public-date evidence to enter or fail the current strict cohort.,2004-07-09,,claimed_contact_date_only,mirror_revision_timestamp,mirror,official_figu_original,primary_official,2022-10-21,2020-03-16,0.035053410059,"On the 23rd of July, an earthquake measuring 6.1 on the Richter scale shook Japan's capital, Tokyo."
earthquake,400,6,exact_hit,included_in_statistics,no_public_date_evidence,pending_more_public_evidence,The row does not yet have enough public-date evidence to enter or fail the current strict cohort.,2005-09-25,,claimed_contact_date_only,mirror_revision_timestamp,mirror,official_figu_original,primary_official,2022-10-21,2009-08-28,0.003661205133,"This will be followed by an earthquake of magnitude 6.2 in El Salvador, which will be followed by a second one."
earthquake,400,7,exact_hit,included_in_statistics,no_public_date_evidence,pending_more_public_evidence,The row does not yet have enough public-date evidence to enter or fail the current strict cohort.,2005-09-25,,claimed_contact_date_only,mirror_revision_timestamp,mirror,official_figu_original,primary_official,2022-10-21,2009-08-28,0.000258271132,But Pakistan will also be affected by a severe earthquake measuring 7.6 on October 8.
earthquake,400,8,similar_only,included_in_statistics,no_public_date_evidence,pending_more_public_evidence,The row does not yet have enough public-date evidence to enter or fail the current strict cohort.,2005-09-25,,claimed_contact_date_only,mirror_revision_timestamp,mirror,official_figu_original,primary_official,2022-10-21,2009-08-28,0.007123521437,"From this quake in the north of Pakistan, near the Pakistani Muzaffarabad, which is followed shortly after the first by another one with a magnitude of 6.6, but which is then followed by dozens of unusually extremely strong aftershocks, and again a stronger one with a magnitude of 5.6 on 13th October."
earthquake,401,1,exact_hit,included_in_statistics,event_precedes_publication,excluded_currently_unrescued,"The current provable public date still postdates the matched observed event, so the row remains excluded unless stronger earlier evidence is found.",2005-10-15,2020-03-26,manual_source_link:Future Of Mankind Contact Report 401 English translation page,mirror_translation_page,mirror,official_figu_original,primary_official,2022-10-21,2020-03-26,0.006077443124,On the 17th of October the Aegean Sea will be shaken by two seaquakes of magnitude 5.7 and 5.9.
earthquake,401,2,exact_hit,included_in_statistics,event_precedes_publication,excluded_currently_unrescued,"The current provable public date still postdates the matched observed event, so the row remains excluded unless stronger earlier evidence is found.",2005-10-15,2020-03-26,manual_source_link:Future Of Mankind Contact Report 401 English translation page,mirror_translation_page,mirror,official_figu_original,primary_official,2022-10-21,2020-03-26,0.00278580092,"another quake of magnitude 6 will follow these quakes in the night from the 20th to the 21st of October, which in turn will cause several aftershocks."
earthquake,401,3,near_hit,included_in_statistics,event_precedes_publication,excluded_currently_unrescued,"The current provable public date still postdates the matched observed event, so the row remains excluded unless stronger earlier evidence is found.",2005-10-15,2020-03-26,manual_source_link:Future Of Mankind Contact Report 401 English translation page,mirror_translation_page,mirror,official_figu_original,primary_official,2022-10-21,2020-03-26,0.898263177704,"Before that, Japan will have an earthquake of magnitude 5.3."
earthquake,401,4,exact_hit,included_in_statistics,event_precedes_publication,excluded_currently_unrescued,"The current provable public date still postdates the matched observed event, so the row remains excluded unless stronger earlier evidence is found.",2005-10-15,2020-03-26,manual_source_link:Future Of Mankind Contact Report 401 English translation page,mirror_translation_page,mirror,official_figu_original,primary_official,2022-10-21,2020-03-26,0.02514722818,a seaquake of magnitude 6.5 off the coast of Ibaraki in Japan on the 19th of October.
earthquake,401,11,near_hit,included_in_statistics,event_precedes_publication,excluded_currently_unrescued,"The current provable public date still postdates the matched observed event, so the row remains excluded unless stronger earlier evidence is found.",2005-10-15,2020-03-26,manual_source_link:Future Of Mankind Contact Report 401 English translation page,mirror_translation_page,mirror,official_figu_original,primary_official,2022-10-21,2020-03-26,0.006451034884,"Two further seaquakes will also occur in the Ionian Sea, on the 19th of October near the island of Zákynthos, with a magnitude of 6 on the Richter scale, and another one in the northwest off Greece, also in the Ionian Sea, this second seaquake having a magnitude of 4.9."
earthquake,401,20,near_hit,included_in_statistics,event_precedes_publication,excluded_currently_unrescued,"The current provable public date still postdates the matched observed event, so the row remains excluded unless stronger earlier evidence is found.",2005-10-15,2020-03-26,manual_source_link:Future Of Mankind Contact Report 401 English translation page,mirror_translation_page,mirror,official_figu_original,primary_official,2022-10-21,2020-03-26,0.806804327407,On the 24th of October there will be two earthquakes of magnitude 4.9 and 5.2 in Afghanistan.
earthquake,402,2,near_hit,included_in_statistics,event_precedes_publication,excluded_currently_unrescued,"The current provable public date still postdates the matched observed event, so the row remains excluded unless stronger earlier evidence is found.",2005-10-29,2009-08-28,wiki_first_revision:Future Of Mankind Contact Report 402 first page revision,mirror_revision_timestamp,mirror,official_figu_original,primary_official,2022-10-21,2009-08-28,0.013277141971,"and on the 15th of November a more severe seaquake will occur in the sea in northern Japan, with a magnitude of 7.3."
earthquake,402,3,near_hit,included_in_statistics,event_precedes_publication,excluded_currently_unrescued,"The current provable public date still postdates the matched observed event, so the row remains excluded unless stronger earlier evidence is found.",2005-10-29,2009-08-28,wiki_first_revision:Future Of Mankind Contact Report 402 first page revision,mirror_revision_timestamp,mirror,official_figu_original,primary_official,2022-10-21,2009-08-28,0.146942710681,"the north of Pakistan will be shaken again by an earthquake of magnitude 6.0 on Sunday, the 6th of November."
earthquake,402,5,exact_hit,included_in_statistics,event_precedes_publication,excluded_currently_unrescued,"The current provable public date still postdates the matched observed event, so the row remains excluded unless stronger earlier evidence is found.",2005-10-29,2009-08-28,wiki_first_revision:Future Of Mankind Contact Report 402 first page revision,mirror_revision_timestamp,mirror,official_figu_original,primary_official,2022-10-21,2009-08-28,0.001032684371,"On the evening of the 12th of November you can turn your attention to an occurence in Switzerland, because there will be an earthquake of magnitude 4.5 in the area of Mönthal and Laufenburg on the Rhine, which will not cause any significant damage, although the event will be felt in large parts of the country and also far into Germany."
earthquake,402,6,similar_only,included_in_statistics,event_precedes_publication,excluded_currently_unrescued,"The current provable public date still postdates the matched observed event, so the row remains excluded unless stronger earlier evidence is found.",2005-10-29,2009-08-28,wiki_first_revision:Future Of Mankind Contact Report 402 first page revision,mirror_revision_timestamp,mirror,official_figu_original,primary_official,2022-10-21,2009-08-28,0.102457615638,Bolivia and Chile will also be shaken by a strong earthquake with a magnitude of 6.9 on the 17th/18th of November.
earthquake,402,7,exact_hit,included_in_statistics,event_precedes_publication,excluded_currently_unrescued,"The current provable public date still postdates the matched observed event, so the row remains excluded unless stronger earlier evidence is found.",2005-10-29,2009-08-28,wiki_first_revision:Future Of Mankind Contact Report 402 first page revision,mirror_revision_timestamp,mirror,official_figu_original,primary_official,2022-10-21,2009-08-28,0.003094854905,"and on the 19th of November there will be another seaquake near Simelue Island about 200 kilometres off Sumatra, which will have a magnitude of 6.6."
earthquake,408,5,exact_hit,included_in_statistics,no_public_date_evidence,pending_more_public_evidence,The row does not yet have enough public-date evidence to enter or fail the current strict cohort.,2006-01-05,,claimed_contact_date_only,mirror_revision_timestamp,mirror,mirror_revision_timestamp,mirror,,2020-04-13,0.001445459456,"Next Sunday, the 8th of January, large parts of the Mediterranean area will be shaken by a strong seaquake that occurs at a depth of about 70 kilometres off the island of Kithira in the Peloponnesian region of Greece with a force of 6.9, shifting the land about six metres southward."
earthquake,408,7,near_hit,included_in_statistics,no_public_date_evidence,pending_more_public_evidence,The row does not yet have enough public-date evidence to enter or fail the current strict cohort.,2006-01-05,,claimed_contact_date_only,mirror_revision_timestamp,mirror,mirror_revision_timestamp,mirror,,2020-04-13,0.049910166632,An even stronger seaquake of magnitude 7.7 will occur at the end of the month in the Banda Sea in eastern Indonesia.
earthquake,416,1,exact_hit,included_in_statistics,no_public_date_evidence,pending_more_public_evidence,The row does not yet have enough public-date evidence to enter or fail the current strict cohort.,2006-04-16,,claimed_contact_date_only,,,,,,,5.1659563e-05,"But there is something I can tell you about our own routine research, namely that an earthquake of magnitude 8.1 will occur in Eastern Siberia/Russia in the coming days."
earthquake,427,1,exact_hit,included_in_statistics,event_precedes_publication,excluded_currently_unrescued,"The current provable public date still postdates the matched observed event, so the row remains excluded unless stronger earlier evidence is found.",2006-07-09,2008-02-03,wiki_first_revision:Future Of Mankind Contact Report 427 first page revision,mirror_revision_timestamp,mirror,official_figu_original,primary_official,2022-10-21,2008-02-03,0.000929463942,"On the coming 17th of July, a severe seaquake of magnitude 7.9 will again occur in the Indian Ocean and trigger a tsunami that will roll up to almost three metres high on the coast of Java, in the Pangandaran area, and cause a lot of damage."
earthquake,436,2,near_hit,included_in_statistics,event_precedes_publication,excluded_currently_unrescued,"The current provable public date still postdates the matched observed event, so the row remains excluded unless stronger earlier evidence is found.",2006-10-15,2020-05-11,manual_source_link,mirror_translation_page,mirror,official_figu_original,primary_official,2022-10-21,2020-05-11,0.007178936998,"Then there is a quake about 450 kilometres northeast of San Francisco with a magnitude of 5, followed by two quakes in Italy on the 24th of October with magnitudes of 4.4 and 3.7."
earthquake,436,3,miss,included_in_statistics,public_date_ok,included_in_current_public_date_cohort,"The current provable public date does not postdate the matched observed event, so the row remains in the current public-date-clean cohort.",2006-10-15,2020-05-11,manual_source_link,mirror_translation_page,mirror,official_figu_original,primary_official,2022-10-21,2020-05-11,0.996802148387,"Then there will be an earthquake north-east of Nice in France, with a magnitude of 3.0 on the Richter scale."
earthquake,436,4,exact_hit,included_in_statistics,event_precedes_publication,excluded_currently_unrescued,"The current provable public date still postdates the matched observed event, so the row remains excluded unless stronger earlier evidence is found.",2006-10-15,2020-05-11,manual_source_link,mirror_translation_page,mirror,official_figu_original,primary_official,2022-10-21,2020-05-11,0.007001258302,"a seaquake of magnitude 5.7 will occur on the 26th of October in connection with the volcanic activity of Etna, shaking southern Italy and Sicily."
earthquake,436,5,miss,included_in_statistics,public_date_ok,included_in_current_public_date_cohort,"The current provable public date does not postdate the matched observed event, so the row remains in the current public-date-clean cohort.",2006-10-15,2020-05-11,manual_source_link,mirror_translation_page,mirror,official_figu_original,primary_official,2022-10-21,2020-05-11,0.976566576665,"This is indeed the case because we are doing a small study on seaquakes and earthquakes, and they are related to a major seaquake of magnitude 8.1 that will occur on the 15th of November near the Kuril Islands north of Japan."
earthquake,442,4,exact_hit,included_in_statistics,event_precedes_publication,excluded_currently_unrescued,"The current provable public date still postdates the matched observed event, so the row remains excluded unless stronger earlier evidence is found.",2007-02-10,2008-02-03,wiki_first_revision:Future Of Mankind Contact Report 442 first page revision,mirror_revision_timestamp,mirror,official_figu_original,primary_official,2022-10-21,2008-02-03,0.000516475559,"On the 12th of February, next Monday, the Iberian Peninsula will be shaken from the Atlantic Ocean by a seaquake of magnitude 6.4, the vibrations of which will be felt as far as North Africa."
earthquake,446,7,exact_hit,included_in_statistics,no_public_date_evidence,pending_more_public_evidence,The row does not yet have enough public-date evidence to enter or fail the current strict cohort.,2007-03-17,,claimed_contact_date_only,mirror_revision_timestamp,mirror,official_figu_original,primary_official,2022-10-21,2020-05-25,0.000206622242,"As a special event it should be mentioned that on March 25th a seaquake of magnitude 6.9 will occur off the west coast of Japan not far from the city of Noto, where a tsunami movement of hardly any significance will occur."
earthquake,446,9,similar_only,included_in_statistics,no_public_date_evidence,pending_more_public_evidence,The row does not yet have enough public-date evidence to enter or fail the current strict cohort.,2007-03-17,,claimed_contact_date_only,mirror_revision_timestamp,mirror,official_figu_original,primary_official,2022-10-21,2020-05-25,0.023160954674,"Just one day later, an earthquake measuring 6.2 on the Richter scale occurs in the Hindu Kush in Afghanistan, spreading great terror and panic but not causing much destruction."
earthquake,446,10,exact_hit,included_in_statistics,no_public_date_evidence,pending_more_public_evidence,The row does not yet have enough public-date evidence to enter or fail the current strict cohort.,2007-03-17,,claimed_contact_date_only,mirror_revision_timestamp,mirror,official_figu_original,primary_official,2022-10-21,2020-05-25,0.001600206137,"On the 13th of April, a major earthquake of magnitude 6.3 occurs in the Acapulco region of Mexico, shaking large parts of the country as far as the capital."
earthquake,453,17,exact_hit,included_in_statistics,event_precedes_publication,excluded_currently_unrescued,"The current provable public date still postdates the matched observed event, so the row remains excluded unless stronger earlier evidence is found.",2007-07-14,2011-05-08,wiki_first_revision:Future Of Mankind Contact Report 453 first page revision,mirror_revision_timestamp,mirror,official_figu_original,primary_official,2022-10-21,2011-05-08,0.001135894136,"Another severe seaquake of magnitude 8 occurs on the 16th of August off the coast of Peru, shaking mainly the cities of Pisco, Chincha, Cinete and Ica, as well as large parts of the country."
earthquake,455,6,exact_hit,included_in_statistics,no_public_date_evidence,pending_more_public_evidence,The row does not yet have enough public-date evidence to enter or fail the current strict cohort.,2007-10-29,,claimed_contact_date_only,mirror_revision_timestamp,mirror,official_figu_original,primary_official,2022-10-21,2020-06-17,0.047991365871,"Then, on the 14th of November Chile is hit by a 7.8 magnitude quake, causing considerable damage to houses and other buildings."
earthquake,465,5,exact_hit,included_in_statistics,event_precedes_publication,excluded_currently_unrescued,"The current provable public date still postdates the matched observed event, so the row remains excluded unless stronger earlier evidence is found.",2008-05-07,2020-07-06,manual_source_link:Future Of Mankind Contact Report 465 English translation page,mirror_translation_page,mirror,official_figu_original,primary_official,2022-10-21,2020-07-06,0.000154970684,On the 12th of May there will be a major earthquake of magnitude 8 in the province of Sichuan in China.
earthquake,467,1,similar_only,included_in_statistics,event_precedes_publication,excluded_currently_unrescued,"The current provable public date still postdates the matched observed event, so the row remains excluded unless stronger earlier evidence is found.",2008-06-28,2012-02-19,wiki_first_revision:Future Of Mankind Contact Report 467 first page revision,mirror_revision_timestamp,mirror,official_figu_original,primary_official,2022-10-21,2012-02-19,0.01086668465,Tomorrow there will be a seaquake of magnitude 6.3 near the Greek island of Rhodes.
earthquake,467,2,exact_hit,included_in_statistics,event_precedes_publication,excluded_currently_unrescued,"The current provable public date still postdates the matched observed event, so the row remains excluded unless stronger earlier evidence is found.",2008-06-28,2012-02-19,wiki_first_revision:Future Of Mankind Contact Report 467 first page revision,mirror_revision_timestamp,mirror,official_figu_original,primary_official,2022-10-21,2012-02-19,0.999999988836,"this is not unusual and will not cause much damage, as is the case with a 5.3 magnitude earthquake in China, although China will not be able to rest with quakes in the near future because new earthquakes are constantly occurring, which will also be the case in the month of August near Sichuan."
earthquake,467,3,exact_hit,included_in_statistics,event_precedes_publication,excluded_currently_unrescued,"The current provable public date still postdates the matched observed event, so the row remains excluded unless stronger earlier evidence is found.",2008-06-28,2012-02-19,wiki_first_revision:Future Of Mankind Contact Report 467 first page revision,mirror_revision_timestamp,mirror,official_figu_original,primary_official,2022-10-21,2012-02-19,0.032822206986,"Also for Japan in the near future, violent seaquakes, such as one of magnitude 6.4 in the northeastern sea of Japan, and on the 23rd of July, another seaquake of magnitude 6.8 occurs."
earthquake,467,4,near_hit,included_in_statistics,event_precedes_publication,excluded_currently_unrescued,"The current provable public date still postdates the matched observed event, so the row remains excluded unless stronger earlier evidence is found.",2008-06-28,2012-02-19,wiki_first_revision:Future Of Mankind Contact Report 467 first page revision,mirror_revision_timestamp,mirror,official_figu_original,primary_official,2022-10-21,2012-02-19,0.042395192109,"On the 7th of August a seaquake occurs in Indonesia, near Sambawa Island."
earthquake,519,1,exact_hit,included_in_statistics,event_precedes_publication,excluded_currently_unrescued,"The current provable public date still postdates the matched observed event, so the row remains excluded unless stronger earlier evidence is found.",2011-04-02,2020-12-09,manual_source_link:Future Of Mankind Contact Report 519 English translation page,mirror_translation_page,mirror,mirror_translation_page,mirror,,2020-12-09,0.002270498017,"And according to our investigations and calculations, a massive seaquake of magnitude 7.4 will occur again in the period from the 7th/8th of April."
earthquake,519,3,near_hit,included_in_statistics,event_precedes_publication,excluded_currently_unrescued,"The current provable public date still postdates the matched observed event, so the row remains excluded unless stronger earlier evidence is found.",2011-04-02,2020-12-09,manual_source_link:Future Of Mankind Contact Report 519 English translation page,mirror_translation_page,mirror,mirror_translation_page,mirror,,2020-12-09,0.028368699415,"In addition to all the following minor aftershocks, another severe seaquake of 7.1 magnitude will occur on the 11th of April."
earthquake,663,15,exact_hit,included_in_statistics,event_precedes_publication,excluded_currently_unrescued,"The current provable public date still postdates the matched observed event, so the row remains excluded unless stronger earlier evidence is found.",2016-11-06,2016-11-27,wiki_first_revision:Future Of Mankind Contact Report 663 first page revision,mirror_revision_timestamp,mirror,official_figu_original,primary_official,2022-10-21,2016-11-27,0.008692689925,"on the 13th of November in New Zealand, namely in the area of 'Christchurch', with a strength of over 7.7 on the Richter scale."
earthquake,683,6,exact_hit,included_in_statistics,event_precedes_publication,excluded_currently_unrescued,"The current provable public date still postdates the matched observed event, so the row remains excluded unless stronger earlier evidence is found.",2017-06-10,2021-01-02,manual_source_link:Future Of Mankind Contact Report 683 English translation page,mirror_translation_page,mirror,official_figu_original,primary_official,2022-10-21,2021-01-02,0.025701050269,"That which concerns the Aegean is correct, because at the beginning of next week there will be another stronger quake in the Aegean."
earthquake,725,1,exact_hit,included_in_statistics,event_precedes_publication,excluded_currently_unrescued,"The current provable public date still postdates the matched observed event, so the row remains excluded unless stronger earlier evidence is found.",2019-10-12,2019-12-27,publication_snapshot:FIGU-ZEITZEICHEN Sonderausgabe Nr. 4 excerpting Contact Report 725,official_figu_original,primary_official,official_figu_original,primary_official,2019-12-27,2019-12-30,0.026003002421,"We talked about upcoming events and I said that towards the end of next month, November, there will be a strong earthquake in Albania with many deaths, while in Yemen there will be an outbreak of dengue fever which will also cause many deaths."
epidemic,215,69,exact_hit,included_in_statistics,no_public_date_evidence,pending_more_public_evidence,The row does not yet have enough public-date evidence to enter or fail the current strict cohort.,1987-02-28,,claimed_contact_date_only,mirror_revision_timestamp,mirror,mirror_revision_timestamp,mirror,,2007-10-04,0.915953581953,"Even when the North American continent will be stricken by the most terrible catastrophe which has ever been recorded, evil military powers will wreak havoc with computerised and nuclear, biological and chemical weapons, whereby it will also happen that computerized weapons become independent and cannot be controlled any longer by human beings."
epidemic,251,34,exact_hit,included_in_statistics,no_public_date_evidence,pending_more_public_evidence,The row does not yet have enough public-date evidence to enter or fail the current strict cohort.,1995-02-03,,claimed_contact_date_only,mirror_revision_timestamp,mirror,mirror_revision_timestamp,mirror,,2007-10-05,0.94615041462,Also with the animals the mad cow disease effects will increasingly occur.
epidemic,341,15,exact_hit,included_in_statistics,no_public_date_evidence,pending_more_public_evidence,The row does not yet have enough public-date evidence to enter or fail the current strict cohort.,2003-04-02,,claimed_contact_date_only,mirror_revision_timestamp,mirror,mirror_revision_timestamp,mirror,,2020-01-09,0.023537861279,"In regard to the looting in Iraq, I have my suspicions, too, that looting is not only by the Iraqis, but also by members of the American Army, who will specifically steal irreplaceable Iraqi art treasures and sell them to America and elsewhere."
epidemic,364,17,exact_hit,included_in_statistics,no_public_date_evidence,pending_more_public_evidence,The row does not yet have enough public-date evidence to enter or fail the current strict cohort.,2004-08-13,,claimed_contact_date_only,mirror_revision_timestamp,mirror,mirror_revision_timestamp,mirror,,2020-02-06,0.10935653962,"Bird flu will also come to the fore again, not only as a result of its resurgence, but also because its transmission to animals is at last being recognised, and first and foremost to pigs, through which people in turn can fall victim to the epidemic."
epidemic,369,12,similar_only,included_in_statistics,event_precedes_publication,excluded_currently_unrescued,"The current provable public date still postdates the matched observed event, so the row remains excluded unless stronger earlier evidence is found.",2004-11-12,2020-02-12,manual_source_link:Future Of Mankind Contact Report 369 English translation page,mirror_translation_page,mirror,official_figu_original,primary_official,2022-10-21,2020-02-12,0.486668403831,"The opposite is the case, because the breakthrough has already taken place, which has already cost around 40 lives, but which is being irresponsibly concealed, although it is inevitable that sooner or later the fact will become known that bird flu, as we call it, has broken through the species barrier in a special form through direct contact with poultry and spread to humans."
epidemic,369,13,similar_only,included_in_statistics,event_precedes_publication,excluded_currently_unrescued,"The current provable public date still postdates the matched observed event, so the row remains excluded unless stronger earlier evidence is found.",2004-11-12,2020-02-12,manual_source_link:Future Of Mankind Contact Report 369 English translation page,mirror_translation_page,mirror,official_figu_original,primary_official,2022-10-21,2020-02-12,0.486668403831,Next month it will also be announced that the disease has spread to humans in Japan in the same form.
epidemic,383,32,exact_hit,included_in_statistics,event_precedes_publication,excluded_currently_unrescued,"The current provable public date still postdates the matched observed event, so the row remains excluded unless stronger earlier evidence is found.",2005-03-17,2020-02-27,manual_source_link:Future Of Mankind Contact Report 383 English translation page,mirror_translation_page,mirror,official_figu_original,primary_official,2022-10-21,2020-02-27,0.036286266697,"At about the same time it will become known worldwide that an institute in the USA has sent nearly 4,000 samples of the very dangerous flu virus H2N2 to laboratories all over the world."
epidemic,401,10,similar_only,included_in_statistics,event_precedes_publication,excluded_currently_unrescued,"The current provable public date still postdates the matched observed event, so the row remains excluded unless stronger earlier evidence is found.",2005-10-15,2020-03-26,manual_source_link:Future Of Mankind Contact Report 401 English translation page,mirror_translation_page,mirror,official_figu_original,primary_official,2022-10-21,2020-03-26,0.402698867727,"But that the bird epidemic will sooner or later mutate and spread to humans and then trigger a pandemic must be assumed as probable, if the necessary and effective countermeasures are not taken now."
epidemic,441,1,miss,included_in_statistics,public_date_ok,included_in_current_public_date_cohort,"The current provable public date does not postdate the matched observed event, so the row remains in the current public-date-clean cohort.",2007-02-03,2008-02-03,wiki_first_revision:Future Of Mankind Contact Report 441 first page revision,mirror_revision_timestamp,mirror,official_figu_original,primary_official,2022-10-21,2008-02-03,0.579264739015,"Firstly, the bird epidemic will be back in the news again, in England, where the disease has already broken out in a turkey farm."
epidemic,453,13,exact_hit,included_in_statistics,event_precedes_publication,excluded_currently_unrescued,"The current provable public date still postdates the matched observed event, so the row remains excluded unless stronger earlier evidence is found.",2007-07-14,2011-05-08,wiki_first_revision:Future Of Mankind Contact Report 453 first page revision,mirror_revision_timestamp,mirror,official_figu_original,primary_official,2022-10-21,2011-05-08,0.004098354907,A new animal epidemic can be said to be out of the ordinary in Europe in the near future.
epidemic,453,14,exact_hit,included_in_statistics,event_precedes_publication,excluded_currently_unrescued,"The current provable public date still postdates the matched observed event, so the row remains excluded unless stronger earlier evidence is found.",2007-07-14,2011-05-08,wiki_first_revision:Future Of Mankind Contact Report 453 first page revision,mirror_revision_timestamp,mirror,official_figu_original,primary_official,2022-10-21,2011-05-08,0.004098354907,"Another unusual event will occur in the first days of August, when England will again be struck by hoof-and-mouth disease."
epidemic,721,6,exact_hit,included_in_statistics,no_public_date_evidence,pending_more_public_evidence,The row does not yet have enough public-date evidence to enter or fail the current strict cohort.,2019-06-14,,claimed_contact_date_only,,,,,,,0.259637994979,"Especially in Europe, but also worldwide, more and more wrong decisions will be made by the governments in the coming time, and especially with regard to the epidemic that is now beginning, which you already announced in the 1990s and which will become acute in the month of November and a pandemic in 2020."
epidemic,729,2,exact_hit,included_in_statistics,event_precedes_publication,excluded_currently_unrescued,"The current provable public date still postdates the matched observed event, so the row remains excluded unless stronger earlier evidence is found.",2020-01-02,2020-03-21,publication_snapshot:FIGU-Zeitzeichen Sonderausgabe Nr. 8 excerpting Contact Report 729,official_figu_original,primary_official,official_figu_original,primary_official,2020-03-21,2020-03-31,0.259029644968,"That will be so, because reason and sanity will continue to be unresponsive in Earth-humans, as is also true of the Corona plague from China, which will spread from a mild, barely detectable or undetectable, but possibly acute lung infection to vascular infections and a pandemic."
epidemic,729,12,exact_hit,included_in_statistics,event_precedes_publication,excluded_currently_unrescued,"The current provable public date still postdates the matched observed event, so the row remains excluded unless stronger earlier evidence is found.",2020-01-02,2020-03-21,publication_snapshot:FIGU-Zeitzeichen Sonderausgabe Nr. 8 excerpting Contact Report 729,official_figu_original,primary_official,official_figu_original,primary_official,2020-03-21,2020-03-31,0.451864101521,"In addition, the disease will change and become more aggressive over time and in the course of its spread, which will mean that the disease will also spread more intensively and more aggressively outside China and in other countries."
epidemic,731,2,exact_hit,included_in_statistics,no_public_date_evidence,pending_more_public_evidence,The row does not yet have enough public-date evidence to enter or fail the current strict cohort.,2020-02-03,,claimed_contact_date_only,,,,,,,0.777190330434,Our experts have established that this epidemic – of which you have spoken several times before and which is also recorded in written reports – will continue to spread rapidly worldwide in the near future and will intensify in its dangerousness and lethality and consequently also claim many human lives.
epidemic,732,13,exact_hit,included_in_statistics,event_precedes_publication,excluded_currently_unrescued,"The current provable public date still postdates the matched observed event, so the row remains excluded unless stronger earlier evidence is found.",2020-03-02,2021-07-08,manual_source_link:Future Of Mankind Contact Report 732 English translation page,mirror_translation_page,mirror,official_figu_original,primary_official,2022-10-21,2021-07-08,0.011433112797,"This new Corona virus corresponds to a further development and mutation of the SARS epidemic, which is already spreading rapidly and widely over the Earth as a pandemic, but which the majority of all irresponsible people and those incapable of their office and irresponsible people of the state leaders and the WHO still do not want to recognise and acknowledge, as well as by all health organisations of all countries, which still trivialise the whole thing and consequently do not recognise the tragedy until it will be too late and more and more deaths will have to be mourned, as was already the case in Wuhan in the middle of last year, when the epidemic began and caused many deaths, but which was neither recognised nor known, consequently the Corona virus pandemic is rampant in all countries of the Earth."
epidemic,732,16,exact_hit,included_in_statistics,event_precedes_publication,excluded_currently_unrescued,"The current provable public date still postdates the matched observed event, so the row remains excluded unless stronger earlier evidence is found.",2020-03-02,2021-07-08,manual_source_link:Future Of Mankind Contact Report 732 English translation page,mirror_translation_page,mirror,official_figu_original,primary_official,2022-10-21,2021-07-08,0.011433112797,"Apparently, according to the Plejaren, northern Italy will be the first to be severely affected by the disease, after which the whole of Europe will not be spared."
epidemic,757,1,exact_hit,included_in_statistics,public_date_ok,included_in_current_public_date_cohort,"The current provable public date does not postdate the matched observed event, so the row remains in the current public-date-clean cohort.",2020-11-15,2020-11-22,wiki_first_revision:Future Of Mankind Contact Report 757 first page revision,mirror_revision_timestamp,mirror,official_figu_original,primary_official,2021-02-06,2020-11-22,0.083381253618,"Yes, this has been happening ever since this clumsy-tramp Trump president has been loud-mouthedly trivialising the Corona rampantly spreading disease, which will soon kill around 500,000 human beings in the USA alone as a result of his imbecility."
politics_election,113,7,exact_hit,included_in_statistics,event_precedes_publication,excluded_currently_unrescued,"The current provable public date still postdates the matched observed event, so the row remains excluded unless stronger earlier evidence is found.",1978-08-06,2010-11-14,manual_source_link,mirror_translation_page,mirror,official_figu_original,primary_official,2022-10-21,2010-11-14,0.046503045167,"At most, you may let it be reported that the new Pope will not exercise his office very long."
politics_election,113,8,exact_hit,included_in_statistics,event_precedes_publication,excluded_currently_unrescued,"The current provable public date still postdates the matched observed event, so the row remains excluded unless stronger earlier evidence is found.",1978-08-06,2010-11-14,manual_source_link,mirror_translation_page,mirror,official_figu_original,primary_official,2022-10-21,2010-11-14,0.046503045167,"The new Pope will be determined by means of a very short voting period and by only 111 cardinals, who will appoint a cardinal by the name of Luciani as the new Pope by the conclave on Saturday, the 26th of August."
politics_election,113,11,exact_hit,included_in_statistics,event_precedes_publication,excluded_currently_unrescued,"The current provable public date still postdates the matched observed event, so the row remains excluded unless stronger earlier evidence is found.",1978-08-06,2010-11-14,manual_source_link,mirror_translation_page,mirror,official_figu_original,primary_official,2022-10-21,2010-11-14,0.028983448208,"This 33-minute consultation time will also be exactly the number of days, during which he will exercise his office as Pope, then to finish his life on the 28th of September, 1978, at exactly 23:07 hrs, without anyone being with him."
politics_election,113,17,exact_hit,included_in_statistics,event_precedes_publication,excluded_currently_unrescued,"The current provable public date still postdates the matched observed event, so the row remains excluded unless stronger earlier evidence is found.",1978-08-06,2010-11-14,manual_source_link,mirror_translation_page,mirror,official_figu_original,primary_official,2022-10-21,2010-11-14,0.632120558829,"So already a few hours after his appointment, a conspiracy will be forged, which will have the goal of removing this Pope John Paul I very quickly from his office, and to be sure, by an assassination of the same."
politics_election,136,16,exact_hit,included_in_statistics,event_precedes_publication,excluded_currently_unrescued,"The current provable public date still postdates the matched observed event, so the row remains excluded unless stronger earlier evidence is found.",1980-10-14,2007-08-10,wiki_first_revision,mirror_revision_timestamp,mirror,official_figu_original,primary_official,2022-10-21,2007-08-10,0.0088888301,"For this reason, the next great man of the United States of America will be President Ronald Reagan."
politics_election,136,53,exact_hit,included_in_statistics,event_precedes_publication,excluded_currently_unrescued,"The current provable public date still postdates the matched observed event, so the row remains excluded unless stronger earlier evidence is found.",1980-10-14,2007-08-10,wiki_first_revision,mirror_revision_timestamp,mirror,official_figu_original,primary_official,2022-10-21,2007-08-10,0.321248365749,"Ronald Reagan, who will take office as US President in January 1981, appoints former NATO Supreme Allied Commander Alexander Haig as his Secretary of State (→ 4. ll./p."
politics_election,136,113,exact_hit,included_in_statistics,event_precedes_publication,excluded_currently_unrescued,"The current provable public date still postdates the matched observed event, so the row remains excluded unless stronger earlier evidence is found.",1980-10-14,2007-08-10,wiki_first_revision,mirror_revision_timestamp,mirror,official_figu_original,primary_official,2022-10-21,2007-08-10,0.014184157648,"It will be on the 30th of March at the time of 21:45 hrs, in front of the Hilton Hotel in the city of his speech, where the president will be shot down by a student named John Hinckley."
politics_election,136,136,similar_only,included_in_statistics,event_precedes_publication,excluded_currently_unrescued,"The current provable public date still postdates the matched observed event, so the row remains excluded unless stronger earlier evidence is found.",1980-10-14,2007-08-10,wiki_first_revision,mirror_revision_timestamp,mirror,official_figu_original,primary_official,2022-10-21,2007-08-10,0.884440105004,"According to reports by the semi-official Turkish agency Anatolia, the arrested man is probably identical with the Turk of the same name who murdered the editor-in-chief of the newspaper ""Milliyet"", Abdi Ipecki, on the open street in Istanbul on the 1st of February 1978. According to Turkish press reports, Agca had already sworn to kill the Pope in a letter he left behind when he escaped from the Istanbul military prison in 1979, shortly before the Pope's visit to Turkey at that time."
politics_election,136,137,exact_hit,included_in_statistics,event_precedes_publication,excluded_currently_unrescued,"The current provable public date still postdates the matched observed event, so the row remains excluded unless stronger earlier evidence is found.",1980-10-14,2007-08-10,wiki_first_revision,mirror_revision_timestamp,mirror,official_figu_original,primary_official,2022-10-21,2007-08-10,0.632120558829,"If this senseless visit is not annulled, I will surely kill the Pope.""."
politics_election,136,143,exact_hit,included_in_statistics,event_precedes_publication,excluded_currently_unrescued,"The current provable public date still postdates the matched observed event, so the row remains excluded unless stronger earlier evidence is found.",1980-10-14,2007-08-10,wiki_first_revision,mirror_revision_timestamp,mirror,official_figu_original,primary_official,2022-10-21,2007-08-10,0.064493014968,"and indeed he will do this already before the assassination attempt on the Pope will occur, and before, in France, the new national president named Mitterrand will be elected, who then likewise pursues a policy which leads toward the destruction of the nation and the Earth, as will be the case with the American president, Reagan."
politics_election,136,157,exact_hit,included_in_statistics,event_precedes_publication,excluded_currently_unrescued,"The current provable public date still postdates the matched observed event, so the row remains excluded unless stronger earlier evidence is found.",1980-10-14,2007-08-10,wiki_first_revision,mirror_revision_timestamp,mirror,official_figu_original,primary_official,2022-10-21,2007-08-10,0.007490601548,"Pope John Paul II will be severely injured by an assassination attempt, which will likewise lead to the uncertainty that has already been addressed as to whether he will carry out his trip to Switzerland or not."
politics_election,136,163,exact_hit,included_in_statistics,event_precedes_publication,excluded_currently_unrescued,"The current provable public date still postdates the matched observed event, so the row remains excluded unless stronger earlier evidence is found.",1980-10-14,2007-08-10,wiki_first_revision,mirror_revision_timestamp,mirror,official_figu_original,primary_official,2022-10-21,2007-08-10,0.014184157648,"The 25-year-old John Hinckley, who severely wounded American President Ronald Reagan on the 30th of March by shooting him several times, attempted suicide on Wednesday, according to the Justice Department."
politics_election,136,213,exact_hit,included_in_statistics,event_precedes_publication,excluded_currently_unrescued,"The current provable public date still postdates the matched observed event, so the row remains excluded unless stronger earlier evidence is found.",1980-10-14,2007-08-10,wiki_first_revision,mirror_revision_timestamp,mirror,official_figu_original,primary_official,2022-10-21,2007-08-10,0.014184157648,"I mean that first, an assassination attempt on President Reagan will be carried out."
politics_election,217,3,exact_hit,included_in_statistics,event_precedes_publication,excluded_currently_unrescued,"The current provable public date still postdates the matched observed event, so the row remains excluded unless stronger earlier evidence is found.",1987-05-08,2007-08-12,wiki_first_revision,mirror_revision_timestamp,mirror,official_figu_original,primary_official,2022-10-21,2007-08-12,0.27803639726,"But this will not be the case with great certainty, for already shortly after the turn of the millennium, through the irrationality of many Swiss citizens, misled by those who are irresponsible, a firm entry into the UN will take place, which will count as the beginning of the prospective catastrophe, if the prophecy of Henoch should fulfil itself, which can still be averted, however, if this people takes the initiative and brings the responsible persons of the government to reason."
politics_election,436,12,exact_hit,included_in_statistics,event_precedes_publication,excluded_currently_unrescued,"The current provable public date still postdates the matched observed event, so the row remains excluded unless stronger earlier evidence is found.",2006-10-15,2020-05-11,manual_source_link,mirror_translation_page,mirror,official_figu_original,primary_official,2022-10-21,2020-05-11,0.040810542891,"There is something good to be said in passing about the USA, however, as I explained to you in a very private way at the 428th contact conversation on the 10th of July this year, namely that at the beginning of November, in the elections in the US House of Representatives, the irresponsible US President Bush, as well as his vassals and all his Republican supporters, will suffer a heavy defeat and the Democrats will gain the upper hand."
politics_election,448,9,exact_hit,included_in_statistics,event_precedes_publication,excluded_currently_unrescued,"The current provable public date still postdates the matched observed event, so the row remains excluded unless stronger earlier evidence is found.",2007-04-27,2011-02-01,wiki_first_revision,mirror_revision_timestamp,mirror,official_figu_original,primary_official,2022-10-21,2011-02-01,0.068937220296,"The English Prime Minister, Tony Blair, will announce on the 10th of May that he will leave office in June."
politics_election,459,4,exact_hit,included_in_statistics,event_precedes_publication,excluded_currently_unrescued,"The current provable public date still postdates the matched observed event, so the row remains excluded unless stronger earlier evidence is found.",2008-02-03,2020-06-22,manual_source_link,mirror_translation_page,mirror,official_figu_original,primary_official,2022-10-21,2020-06-22,0.001068946985,"What will be extraordinary, however, will be revealed on the 13th of February, when the Australian Prime Minister, Kevin Rudd, will officially apologise to the Aboriginal people for the humiliating and degrading things that have been done to them over two centuries by the English immigrants and Europeans who have settled in Australia."
politics_election,459,5,exact_hit,included_in_statistics,event_precedes_publication,excluded_currently_unrescued,"The current provable public date still postdates the matched observed event, so the row remains excluded unless stronger earlier evidence is found.",2008-02-03,2020-06-22,manual_source_link,mirror_translation_page,mirror,official_figu_original,primary_official,2022-10-21,2020-06-22,0.000314911035,"Then on 17 February Kosovo is declared independent, which causes unrest in Serbia and Russia as well as in other states."
politics_election,459,6,exact_hit,included_in_statistics,event_precedes_publication,excluded_currently_unrescued,"The current provable public date still postdates the matched observed event, so the row remains excluded unless stronger earlier evidence is found.",2008-02-03,2020-06-22,manual_source_link,mirror_translation_page,mirror,official_figu_original,primary_official,2022-10-21,2020-06-22,0.03284055961,"Then two events occur that affect Cuba and the USA, as Fidel Castro officially resigns from his office of state, which he has held in a murderous manner since 1959 until the 21st of February."
politics_election,555,1,exact_hit,included_in_statistics,event_precedes_publication,excluded_currently_unrescued,"The current provable public date still postdates the matched observed event, so the row remains excluded unless stronger earlier evidence is found.",2013-03-02,2017-11-09,wiki_first_revision,mirror_revision_timestamp,mirror,official_figu_original,primary_official,2022-10-21,2017-11-09,0.031743322856,"The Conclave will begin on the 12th of March, and already on the 13th of March a man from Argentina called Jorge Mario Bergoglio, who will call himself Francis, will be elected as the new Pope."
politics_election,829,17,exact_hit,included_in_statistics,event_precedes_publication,excluded_currently_unrescued,"The current provable public date still postdates the matched observed event, so the row remains excluded unless stronger earlier evidence is found.",2022-12-25,2023-01-01,wiki_first_revision,mirror_revision_timestamp,mirror,official_figu_original,primary_official,2023-01-02,2023-01-01,0.000278202808,"What you say is correct, but in the context of the papacy, it is worth mentioning that the previous pope, Ratzinger, who preceded the current pope and called himself Benedict XVI, will leave the world shortly, on the 31st of December 2022."
storm,366,12,exact_hit,included_in_statistics,event_precedes_publication,excluded_currently_unrescued,"The current provable public date still postdates the matched observed event, so the row remains excluded unless stronger earlier evidence is found.",2004-09-03,2020-02-11,wiki_first_revision,mirror_revision_timestamp,mirror,official_figu_original,primary_official,2022-10-21,2020-02-11,0.36526358106,"Further it turns out that the probably ever biggest hurricane of the last decades in the Caribbean will be only the precursor of another big hurricane, which gets the name Jeanne and which already forms before the big storm named Ivan even crosses the Gulf of Mexico, reaches America and on its way causes a lot of damage and disaster and takes far more than 2,000 lives and therefore has much worse effects than the predecessor."
storm,448,8,exact_hit,included_in_statistics,event_precedes_publication,excluded_currently_unrescued,"The current provable public date still postdates the matched observed event, so the row remains excluded unless stronger earlier evidence is found.",2007-04-27,2011-02-01,wiki_first_revision,mirror_revision_timestamp,mirror,official_figu_original,primary_official,2022-10-21,2011-02-01,0.000477372532,"There is nothing extraordinary to mention for the coming days, because something special will only happen at the beginning of May, when in the USA, namely in the state of Kansas, the small town of Greenburgh will be completely destroyed by a tornado, which will also claim a small number of lives."
storm,464,5,exact_hit,included_in_statistics,event_precedes_publication,excluded_currently_unrescued,"The current provable public date still postdates the matched observed event, so the row remains excluded unless stronger earlier evidence is found.",2008-04-30,2016-09-28,wiki_first_revision,mirror_revision_timestamp,mirror,official_figu_original,primary_official,2022-10-21,2016-09-28,0.221199216929,Then on the 3rd of May a cyclone catastrophe will occur in Myanmar resp.
storm,574,7,exact_hit,included_in_statistics,event_precedes_publication,excluded_currently_unrescued,"The current provable public date still postdates the matched observed event, so the row remains excluded unless stronger earlier evidence is found.",2013-11-02,2020-11-18,wiki_first_revision,mirror_revision_timestamp,mirror,official_figu_original,primary_official,2022-10-21,2020-11-18,0.297381477337,"So in the near future, a devastating storm will also strike Sardinia, while a series of tornadoes will bring disaster to the USA."
storm,688,6,exact_hit,included_in_statistics,event_precedes_publication,excluded_currently_unrescued,"The current provable public date still postdates the matched observed event, so the row remains excluded unless stronger earlier evidence is found.",2017-08-20,2021-01-09,wiki_first_revision,mirror_revision_timestamp,mirror,official_figu_original,primary_official,2022-10-21,2021-01-09,0.736402861884,"This also will be proven in a few days, namely in America in the state of Texas, where an exorbitant hurricane – with a speed of around 250 kilometres per hour, far exceeding anything previously experienced in those areas – will cause enormous damage and destruction, far exceeding what was caused by Hurricane Katrina from the 23rd–31st of August 2005 in Alabama, Louisiana and Cuba."
storm,688,12,exact_hit,included_in_statistics,event_precedes_publication,excluded_currently_unrescued,"The current provable public date still postdates the matched observed event, so the row remains excluded unless stronger earlier evidence is found.",2017-08-20,2021-01-09,wiki_first_revision,mirror_revision_timestamp,mirror,official_figu_original,primary_official,2022-10-21,2021-01-09,0.736402861884,"… And it is to be said with regard to what is coming next week in America that the whole thing will be particularly bitter and hard for the majority of those affected, because in the USA there is no insurance for such natural incidents for the homeowners etc., consequently they will effectively be left with nothing due to the destruction of their houses."
storm,863,6,exact_hit,included_in_statistics,event_precedes_publication,excluded_currently_unrescued,"The current provable public date still postdates the matched observed event, so the row remains excluded unless stronger earlier evidence is found.",2023-09-06,2023-09-18,publication_snapshot,official_figu_original,primary_official,official_figu_original,primary_official,2023-09-18,2023-09-18,0.698805788088,"If I remember correctly, Libya will also be hit by such a storm in the near future and thousands of human lives will be lost."
volcano,136,97,exact_hit,included_in_statistics,event_precedes_publication,excluded_currently_unrescued,"The current provable public date still postdates the matched observed event, so the row remains excluded unless stronger earlier evidence is found.",1980-10-14,2007-08-10,wiki_first_revision,mirror_revision_timestamp,mirror,official_figu_original,primary_official,2022-10-21,2007-08-10,0.181269246922,"However, up to the middle of the year 1981, there are still many things to explain, which will happen on Earth within a great part of the framework and which will come into play."
volcano,136,98,exact_hit,included_in_statistics,event_precedes_publication,excluded_currently_unrescued,"The current provable public date still postdates the matched observed event, so the row remains excluded unless stronger earlier evidence is found.",1980-10-14,2007-08-10,wiki_first_revision,mirror_revision_timestamp,mirror,official_figu_original,primary_official,2022-10-21,2007-08-10,0.181269246922,"Even during the outflow of the harsh winter season of 1980/1981, it will happen with complete certainty that in Italy, the Etna volcano will begin its unusual activity again, which was no longer the case for several decades."
volcano,150,133,exact_hit,included_in_statistics,event_precedes_publication,excluded_currently_unrescued,"The current provable public date still postdates the matched observed event, so the row remains excluded unless stronger earlier evidence is found.",1981-10-10,2009-10-13,wiki_first_revision:Future Of Mankind Contact Report 150 first page revision,mirror_revision_timestamp,mirror,official_figu_original,primary_official,2022-10-21,2009-10-13,0.002568030729,"The turn of the year 1982/1983 itself does not bring much of importance, but it should be interesting for you to know that shortly after the turn of the year on the Hawaiian Islands a great natural spectacle will be imminent, because a volcano there will erupt again, and that in several and long-lasting eruptions."
volcano,150,159,exact_hit,included_in_statistics,event_precedes_publication,excluded_currently_unrescued,"The current provable public date still postdates the matched observed event, so the row remains excluded unless stronger earlier evidence is found.",1981-10-10,2009-10-13,wiki_first_revision:Future Of Mankind Contact Report 150 first page revision,mirror_revision_timestamp,mirror,official_figu_original,primary_official,2022-10-21,2009-10-13,0.002568030729,"Only then will there be some calm again, before another natural event on the Hawaiian Islands will make itself known, namely when a volcano there erupts another time within a short period of time."
volcano,182,19,exact_hit,included_in_statistics,no_public_date_evidence,pending_more_public_evidence,The row does not yet have enough public-date evidence to enter or fail the current strict cohort.,1983-02-03,,claimed_contact_date_only,mirror_revision_timestamp,mirror,mirror_revision_timestamp,mirror,,2008-09-27,0.270075967129,"Around the turning point of March/April, so in less than a month, the Mount Etna volcano in Sicily will again eject large quantities of its red-hot interior."
volcano,238,7,exact_hit,included_in_statistics,event_precedes_publication,excluded_currently_unrescued,"The current provable public date still postdates the matched observed event, so the row remains excluded unless stronger earlier evidence is found.",1991-05-18,2007-08-08,wiki_first_revision:Future Of Mankind Contact Report 238 first page revision,mirror_revision_timestamp,mirror,official_figu_original,primary_official,2022-10-21,2007-08-08,0.057126856145,"For example, on the 3rd of June, the volcano Unzendake in Japan."
volcano,238,8,near_hit,included_in_statistics,event_precedes_publication,excluded_currently_unrescued,"The current provable public date still postdates the matched observed event, so the row remains excluded unless stronger earlier evidence is found.",1991-05-18,2007-08-08,wiki_first_revision:Future Of Mankind Contact Report 238 first page revision,mirror_revision_timestamp,mirror,official_figu_original,primary_official,2022-10-21,2007-08-08,0.400644930466,on June 9th the Pinatubo in the Philippines will erupt and cause immense damage in addition to claiming many human lives.
volcano,238,158,near_hit,included_in_statistics,event_precedes_publication,excluded_currently_unrescued,"The current provable public date still postdates the matched observed event, so the row remains excluded unless stronger earlier evidence is found.",1991-05-18,2007-08-08,wiki_first_revision:Future Of Mankind Contact Report 238 first page revision,mirror_revision_timestamp,mirror,official_figu_original,primary_official,2022-10-21,2007-08-08,0.063893856253,But the unity and recognition and observance of the truth by all who are connected with it and with the mission will make everyone strong and bring much success in spite of all the fallout.
volcano,238,160,exact_hit,included_in_statistics,event_precedes_publication,excluded_currently_unrescued,"The current provable public date still postdates the matched observed event, so the row remains excluded unless stronger earlier evidence is found.",1991-05-18,2007-08-08,wiki_first_revision:Future Of Mankind Contact Report 238 first page revision,mirror_revision_timestamp,mirror,official_figu_original,primary_official,2022-10-21,2007-08-08,0.136636465291,"It is only clear to us what has just been explained to you, which will happen at about the same time, when the volcano Etna will unfold a greater activity on Sicily after a rest of about two years, as our volcanologists have fathomed."
volcano,238,161,near_hit,included_in_statistics,event_precedes_publication,excluded_currently_unrescued,"The current provable public date still postdates the matched observed event, so the row remains excluded unless stronger earlier evidence is found.",1991-05-18,2007-08-08,wiki_first_revision:Future Of Mankind Contact Report 238 first page revision,mirror_revision_timestamp,mirror,official_figu_original,primary_official,2022-10-21,2007-08-08,0.063893856253,"According to their statements, the new activity of the volcano on the 15th of December should result, whereby this naming of the time should be very exact, as one assured me."
volcano,241,47,exact_hit,included_in_statistics,no_public_date_evidence,pending_more_public_evidence,The row does not yet have enough public-date evidence to enter or fail the current strict cohort.,1992-02-03,,claimed_contact_date_only,mirror_revision_timestamp,mirror,mirror_revision_timestamp,mirror,,2007-10-05,0.360942723496,Or that the volcano Etna on Sicily will not calm down so quickly.
volcano,241,48,exact_hit,included_in_statistics,no_public_date_evidence,pending_more_public_evidence,The row does not yet have enough public-date evidence to enter or fail the current strict cohort.,1992-02-03,,claimed_contact_date_only,mirror_revision_timestamp,mirror,mirror_revision_timestamp,mirror,,2007-10-05,0.360942723496,"will also develop dangerous activities in the month of April, as it will also be in Nicaragua with the volcano Cerro Negro, while at the same time especially in America large fire conflagurations will haunt various national parks and also the International Peace Park."
volcano,366,13,miss,included_in_statistics,public_date_ok,included_in_current_public_date_cohort,"The current provable public date does not postdate the matched observed event, so the row remains in the current public-date-clean cohort.",2004-09-03,2020-02-11,wiki_first_revision,mirror_revision_timestamp,mirror,official_figu_original,primary_official,2022-10-21,2020-02-11,1e-12,"But this will not be the end of the hurricanes in the Caribbean, because this storm will also be followed by the next one immediately."
volcano,383,13,similar_only,included_in_statistics,event_precedes_publication,excluded_currently_unrescued,"The current provable public date still postdates the matched observed event, so the row remains excluded unless stronger earlier evidence is found.",2005-03-17,2020-02-27,manual_source_link:Future Of Mankind Contact Report 383 English translation page,mirror_translation_page,mirror,official_figu_original,primary_official,2022-10-21,2020-02-27,0.0,"Elsewhere, on the 27th/28th of March in Mexico, the volcano Colimo begins to erupt again, while in Monaco Prince Rainier III falls seriously ill and hovers for weeks between life and death, his purely physical functions being maintained for weeks only by apparatus, before he dies on the 6th of April."
volcano,383,27,near_hit,included_in_statistics,event_precedes_publication,excluded_currently_unrescued,"The current provable public date still postdates the matched observed event, so the row remains excluded unless stronger earlier evidence is found.",2005-03-17,2020-02-27,manual_source_link:Future Of Mankind Contact Report 383 English translation page,mirror_translation_page,mirror,official_figu_original,primary_official,2022-10-21,2020-02-27,0.389887023564,"on the 11th of April the volcano Talang begins to erupt, which will be directly related to the seaquakes off Sumatra."
volcano,400,3,exact_hit,included_in_statistics,no_public_date_evidence,pending_more_public_evidence,The row does not yet have enough public-date evidence to enter or fail the current strict cohort.,2005-09-25,,claimed_contact_date_only,mirror_revision_timestamp,mirror,official_figu_original,primary_official,2022-10-21,2009-08-28,0.792251812856,"At about the same time, El Salvador will be hit by a volcanic eruption of the Ilamatepec and a catastrophe of many landslides due to torrential rains caused by a big hurricane called 'Stan', which will affect about 300 villages and cause the loss of lives."
volcano,444,3,exact_hit,included_in_statistics,no_public_date_evidence,pending_more_public_evidence,The row does not yet have enough public-date evidence to enter or fail the current strict cohort.,2007-02-23,,claimed_contact_date_only,mirror_revision_timestamp,mirror,mirror_revision_timestamp,mirror,,2008-02-03,0.698805788088,"Towards the end of this month of February, after four years of dormancy in the Mediterranean, the Italian volcano Stromboli will begin to become active again, leading to an indirect series of seaquakes near the Greek peninsula of Chalkidiki."
volcano,453,23,exact_hit,included_in_statistics,event_precedes_publication,excluded_currently_unrescued,"The current provable public date still postdates the matched observed event, so the row remains excluded unless stronger earlier evidence is found.",2007-07-14,2011-05-08,wiki_first_revision:Future Of Mankind Contact Report 453 first page revision,mirror_revision_timestamp,mirror,official_figu_original,primary_official,2022-10-21,2011-05-08,0.695740224475,"This will be followed by a volcanic eruption on Jabal al-Tair, on the so-called Bird Island, with several deaths also to be expected."
volcano,453,24,exact_hit,included_in_statistics,event_precedes_publication,excluded_currently_unrescued,"The current provable public date still postdates the matched observed event, so the row remains excluded unless stronger earlier evidence is found.",2007-07-14,2011-05-08,wiki_first_revision:Future Of Mankind Contact Report 453 first page revision,mirror_revision_timestamp,mirror,official_figu_original,primary_official,2022-10-21,2011-05-08,0.695740224475,"The next extraordinary thing will happen in Burma, where the great mass of all monks will demonstrate against the military junta, joined also by the population."
volcano,464,4,exact_hit,included_in_statistics,event_precedes_publication,excluded_currently_unrescued,"The current provable public date still postdates the matched observed event, so the row remains excluded unless stronger earlier evidence is found.",2008-04-30,2016-09-28,wiki_first_revision,mirror_revision_timestamp,mirror,official_figu_original,primary_official,2022-10-21,2016-09-28,0.930516548777,"32 .There is indeed something extraordinary, because in southern Chile the Chaiten volcano will be erupting again in the coming days after 9486 years, causing many humans to flee."
war_conflict,136,170,exact_hit,included_in_statistics,event_precedes_publication,excluded_currently_unrescued,"The current provable public date still postdates the matched observed event, so the row remains excluded unless stronger earlier evidence is found.",1980-10-14,2007-08-10,wiki_first_revision,mirror_revision_timestamp,mirror,official_figu_original,primary_official,2022-10-21,2007-08-10,0.00386846712,"On the 28th of June, a bomb attack is carried out on the headquarters of the Islamic Republican Party (IRR)."
war_conflict,136,202,exact_hit,included_in_statistics,event_precedes_publication,excluded_currently_unrescued,"The current provable public date still postdates the matched observed event, so the row remains excluded unless stronger earlier evidence is found.",1980-10-14,2007-08-10,wiki_first_revision,mirror_revision_timestamp,mirror,official_figu_original,primary_official,2022-10-21,2007-08-10,0.015503562995,"After the first attack in Tehran, in which the blood judge of Persia and many governing bodies will find death, there will soon follow a second, in which the lives of the president and one of his ministers will be taken away."
war_conflict,206,5,exact_hit,included_in_statistics,no_public_date_evidence,pending_more_public_evidence,The row does not yet have enough public-date evidence to enter or fail the current strict cohort.,1986-03-07,,claimed_contact_date_only,,,,,,,0.000176413513,"Falsely, also much guilt will be awarded for an event that will occur on the 11th of September, 2001 in America, when fundamentalist, radical extremists, who hate Americans, will murder thousands of humans in an act of terrorism, about which I may not mention the closer details officially but rather only tell you confidentially."
war_conflict,393,8,exact_hit,included_in_statistics,no_public_date_evidence,pending_more_public_evidence,The row does not yet have enough public-date evidence to enter or fail the current strict cohort.,2005-07-02,,claimed_contact_date_only,,,,,,,0.153518275109,"Then, on the 7th of July, a quadruple attack by the al-Qaeda terrorist network will take place in England, in London, with a bus destroyed by a bombing and the Underground also suffering heavy damage from three other bombings."
war_conflict,400,1,exact_hit,included_in_statistics,no_public_date_evidence,pending_more_public_evidence,The row does not yet have enough public-date evidence to enter or fail the current strict cohort.,2005-09-25,,claimed_contact_date_only,mirror_revision_timestamp,mirror,official_figu_original,primary_official,2022-10-21,2009-08-28,0.13312210025,"On the 1st of October, suicide bombers will carry out new bomb attacks in Bali, which will, of course, also result in deaths."
war_conflict,400,21,exact_hit,included_in_statistics,no_public_date_evidence,pending_more_public_evidence,The row does not yet have enough public-date evidence to enter or fail the current strict cohort.,2005-09-25,,claimed_contact_date_only,mirror_revision_timestamp,mirror,official_figu_original,primary_official,2022-10-21,2009-08-28,0.051270519984,"On 13th October it also emerged that in the Caucasus, in Kabardino-Balkaria in the city of Nalchik, a hundred Chechen terrorist bandits attacked military and police barracks as well as the airport and the interior ministry, etc., causing wild fighting and destruction, killing over sixty humans at first and increasing to around 130 later in further fighting."
war_conflict,668,2,exact_hit,included_in_statistics,no_public_date_evidence,pending_more_public_evidence,The row does not yet have enough public-date evidence to enter or fail the current strict cohort.,2016-12-15,,claimed_contact_date_only,,,,,,,0.181269246922,"And what I have said about IS crimes, one will demand bloody tributes in Europe as a result of the Christmas season, because on the 19th of December there will be three serious crimes with a greater number of deaths, one in Berlin, where an attack is carried out on a market with a heavy goods vehicle and several people are killed."
